group,variant,baseline_val,variant_val,val_delta,baseline_train,variant_train,train_delta,baseline_tps,variant_tps,speed_ratio,baseline_params,variant_params,param_delta,variant_vram_mb,result_path
screen_1024_seed13_real_blend1024,phase_residual_blend_neuron,7.7630088464886535,7.761695057504317,-0.001313788984336206,6.363431930541992,6.363167762756348,-0.00026416778564453125,17317.553075653832,16020.577509059854,0.9251063033600658,4934961,4935089,128,148.1611328125,E:\CODEXRESEARCH\RESEARCH-1\artifacts\benchmark_runs\language\neuron_search_20260605\manual_self\screen_1024_seed13_real_blend1024_phase_residual_blend_neuron\result.json
screen_1024_seed13_real_half1024,phase_residual_blend_half_neuron,7.7630088464886535,7.757878532129175,-0.005130314359478305,6.363431930541992,6.363649368286133,0.000217437744140625,16052.816224382594,15359.449860624634,0.9568071823618832,4934961,4935089,128,148.1611328125,E:\CODEXRESEARCH\RESEARCH-1\artifacts\benchmark_runs\language\neuron_search_20260605\manual_self\screen_1024_seed13_real_half1024_phase_residual_blend_half_neuron\result.json
screen_1024_seed17_real_blend1024,phase_residual_blend_neuron,7.788764259511349,7.788272892844443,-0.000491366666905968,6.2498393058776855,6.249393463134766,-0.0004458427429199219,17115.74993909782,16119.465188856897,0.9417913469298187,4934961,4935089,128,148.1611328125,E:\CODEXRESEARCH\RESEARCH-1\artifacts\benchmark_runs\language\neuron_search_20260605\manual_self\screen_1024_seed17_real_blend1024_phase_residual_blend_neuron\result.json
screen_1024_seed17_real_half1024,phase_residual_blend_half_neuron,7.788764259511349,7.7870986378660385,-0.0016656216453103667,6.2498393058776855,6.251238822937012,0.0013995170593261719,16322.099634180493,15926.103076886322,0.9757386263918579,4934961,4935089,128,148.1611328125,E:\CODEXRESEARCH\RESEARCH-1\artifacts\benchmark_runs\language\neuron_search_20260605\manual_self\screen_1024_seed17_real_half1024_phase_residual_blend_half_neuron\result.json
screen_1024_seed29_real_blend1024,phase_residual_blend_neuron,7.764974658746345,7.764639321962992,-0.00033533678335295747,6.359777450561523,6.359659194946289,-0.000118255615234375,17097.731568679686,16266.011987850223,0.9513549749281922,4934961,4935089,128,148.1611328125,E:\CODEXRESEARCH\RESEARCH-1\artifacts\benchmark_runs\language\neuron_search_20260605\manual_self\screen_1024_seed29_real_blend1024_phase_residual_blend_neuron\result.json
screen_1024_seed29_real_half1024,phase_residual_blend_half_neuron,7.764974658746345,7.762950226956723,-0.002024431789622305,6.359777450561523,6.360987663269043,0.0012102127075195312,15387.074190616915,16650.435170500466,1.082105341420525,4934961,4935089,128,148.1611328125,E:\CODEXRESEARCH\RESEARCH-1\artifacts\benchmark_runs\language\neuron_search_20260605\manual_self\screen_1024_seed29_real_half1024_phase_residual_blend_half_neuron\result.json
screen_12,phase_amplitude_neuron,10.831813369077794,10.823182356591317,-0.008631012486477019,8.71515941619873,8.749227523803711,0.03406810760498047,263.44656447496584,634.9817681382367,2.410286766896048,4934961,4951601,16640,,E:\CODEXRESEARCH\RESEARCH-1\artifacts\benchmark_runs\language\neuron_search_20260605\manual_self\screen_12_phase_amplitude_neuron\result.json
screen_12,stable_square_neuron,10.831813369077794,10.830923115973379,-0.0008902531044157058,8.71515941619873,8.71673583984375,0.0015764236450195312,263.44656447496584,516.2743423141259,1.959692825537625,4934961,4934962,1,,E:\CODEXRESEARCH\RESEARCH-1\artifacts\benchmark_runs\language\neuron_search_20260605\manual_self\screen_12_stable_square_neuron\result.json
screen_12,rank_competition_neuron,10.831813369077794,10.830975553101185,-0.0008378159766095905,8.71515941619873,8.717469215393066,0.0023097991943359375,263.44656447496584,408.1799202663424,1.5493841078543649,4934961,4934962,1,,E:\CODEXRESEARCH\RESEARCH-1\artifacts\benchmark_runs\language\neuron_search_20260605\manual_self\screen_12_rank_competition_neuron\result.json
screen_12,conv_disagreement_neuron,10.831813369077794,10.831527496786679,-0.00028587229111565193,8.71515941619873,8.715544700622559,0.000385284423828125,263.44656447496584,328.592950489153,1.2472850087987302,4934961,4934961,0,,E:\CODEXRESEARCH\RESEARCH-1\artifacts\benchmark_runs\language\neuron_search_20260605\manual_self\screen_12_conv_disagreement_neuron\result.json
screen_12,stateful_threshold_neuron,10.831813369077794,10.831711524140601,-0.00010184493719300747,8.71515941619873,8.715497970581055,0.00033855438232421875,263.44656447496584,213.30487037771437,0.8096703435963151,4934961,4934962,1,,E:\CODEXRESEARCH\RESEARCH-1\artifacts\benchmark_runs\language\neuron_search_20260605\manual_self\screen_12_stateful_threshold_neuron\result.json
screen_12,mem_threshold_neuron,10.831813369077794,10.837275824827307,0.005462455749512429,8.71515941619873,8.754547119140625,0.03938770294189453,263.44656447496584,275.87689929172427,1.047183514583048,4934961,4938289,3328,,E:\CODEXRESEARCH\RESEARCH-1\artifacts\benchmark_runs\language\neuron_search_20260605\manual_self\screen_12_mem_threshold_neuron\result.json
screen_12,bottleneck_aware_neuron,10.831813369077794,10.838079001856785,0.006265632778990948,8.71515941619873,8.731861114501953,0.016701698303222656,263.44656447496584,778.1273586979704,2.953643978044407,4934961,4945585,10624,,E:\CODEXRESEARCH\RESEARCH-1\artifacts\benchmark_runs\language\neuron_search_20260605\manual_self\screen_12_bottleneck_aware_neuron\result.json
screen_12,adaptive_basis_neuron,10.831813369077794,10.838090015860164,0.00627664678236961,8.71515941619873,8.72116470336914,0.006005287170410156,263.44656447496584,456.75880785479995,1.733781606775152,4934961,4935156,195,,E:\CODEXRESEARCH\RESEARCH-1\artifacts\benchmark_runs\language\neuron_search_20260605\manual_self\screen_12_adaptive_basis_neuron\result.json
screen_128_seed13_real_seq10160_40m,phase_residual_blend_half_neuron,7.04758435384495,7.038164809369666,-0.009419544475284702,6.978597640991211,6.970086097717285,-0.008511543273925781,81002.62927800292,76516.89141800422,0.9446223178188013,40437009,40439057,2048,4531.6982421875,E:\CODEXRESEARCH\RESEARCH-1\artifacts\benchmark_runs\language\neuron_search_20260605\manual_self\screen_128_seed13_real_seq10160_40m_phase_residual_blend_half_neuron\result.json
screen_128_seed17_real_seq10160_40m,phase_residual_blend_half_neuron,7.075411135192931,7.065231561097573,-0.010179574095358745,7.25539493560791,7.245823860168457,-0.009571075439453125,81395.42838319579,8594.876841805377,0.10559409800440098,40437009,40439057,2048,4531.67041015625,E:\CODEXRESEARCH\RESEARCH-1\artifacts\benchmark_runs\language\neuron_search_20260605\manual_self\screen_128_seed17_real_seq10160_40m_phase_residual_blend_half_neuron\result.json
screen_128_seed29_real_seq10160_40m,phase_residual_blend_half_neuron,7.056069083852092,7.04920916388354,-0.006859919968552397,7.14030122756958,7.133645057678223,-0.006656169891357422,81108.44853434319,77564.54856394303,0.9563066482661224,40437009,40439057,2048,4531.68603515625,E:\CODEXRESEARCH\RESEARCH-1\artifacts\benchmark_runs\language\neuron_search_20260605\manual_self\screen_128_seed29_real_seq10160_40m_phase_residual_blend_half_neuron\result.json
screen_256,seed17_real_blend_strength_phase_residual_blend_half_neuron,11.155591431786032,8.42260646165586,-2.732984970130172,8.460631370544434,6.469443321228027,-1.9911880493164062,13499.941247971952,16631.859845999497,1.231994979866897,4934961,4935089,128,200.48046875,E:\CODEXRESEARCH\RESEARCH-1\artifacts\benchmark_runs\language\neuron_search_20260605\manual_self\screen_256_seed17_real_blend_strength_phase_residual_blend_half_neuron\result.json
screen_256,seed17_real_blend_strength_phase_residual_blend_large_neuron,11.155591431786032,8.42366249888551,-2.731928932900521,8.460631370544434,6.46983528137207,-1.9907960891723633,13499.941247971952,17668.931960161735,1.3088154707944433,4934961,4935089,128,261.1748046875,E:\CODEXRESEARCH\RESEARCH-1\artifacts\benchmark_runs\language\neuron_search_20260605\manual_self\screen_256_seed17_real_blend_strength_phase_residual_blend_large_neuron\result.json
screen_256,seed17_real_blend_phase_residual_blend_neuron,11.155591431786032,8.424478165308635,-2.731113266477397,8.460631370544434,6.471031665802002,-1.9895997047424316,13499.941247971952,15387.931449155947,1.139851734648669,4934961,4935089,128,200.478515625,E:\CODEXRESEARCH\RESEARCH-1\artifacts\benchmark_runs\language\neuron_search_20260605\manual_self\screen_256_seed17_real_blend_phase_residual_blend_neuron\result.json
screen_256,seed17_real_blend_strength_phase_residual_blend_neuron,11.155591431786032,8.424478165308635,-2.731113266477397,8.460631370544434,6.471031665802002,-1.9895997047424316,13499.941247971952,16998.5166137685,1.2591548586422276,4934961,4935089,128,256.9853515625,E:\CODEXRESEARCH\RESEARCH-1\artifacts\benchmark_runs\language\neuron_search_20260605\manual_self\screen_256_seed17_real_blend_strength_phase_residual_blend_neuron\result.json
screen_256,seed17_real_blend_strength_phase_residual_blend_tiny_neuron,11.155591431786032,8.425091890727773,-2.7304995410582595,8.460631370544434,6.473139762878418,-1.9874916076660156,13499.941247971952,17376.869454347136,1.28718111695172,4934961,4935089,128,200.478515625,E:\CODEXRESEARCH\RESEARCH-1\artifacts\benchmark_runs\language\neuron_search_20260605\manual_self\screen_256_seed17_real_blend_strength_phase_residual_blend_tiny_neuron\result.json
screen_256,seed17_real_phase_stable_competition_neuron,11.155591431786032,8.442129034622043,-2.7134623971639886,8.460631370544434,6.489110469818115,-1.9715209007263184,13499.941247971952,15704.157158334609,1.163275963196787,4934961,4934963,2,200.5771484375,E:\CODEXRESEARCH\RESEARCH-1\artifacts\benchmark_runs\language\neuron_search_20260605\manual_self\screen_256_seed17_real_phase_stable_competition_neuron\result.json
screen_256,seed17_real_phase_phase_amplitude_replace_neuron,11.155591431786032,8.444554258327859,-2.7110371734581733,8.460631370544434,6.574231147766113,-1.8864002227783203,13499.941247971952,17093.30093438692,1.2661759499845813,4934961,4943281,8320,257.2529296875,E:\CODEXRESEARCH\RESEARCH-1\artifacts\benchmark_runs\language\neuron_search_20260605\manual_self\screen_256_seed17_real_phase_phase_amplitude_replace_neuron\result.json
screen_256,seed17_real_phase_phase_amplitude_neuron,11.155591431786032,8.444583869447895,-2.7110075623381373,8.460631370544434,6.57448673248291,-1.8861446380615234,13499.941247971952,15139.419372192473,1.1214433525380574,4934961,4951601,16640,200.65185546875,E:\CODEXRESEARCH\RESEARCH-1\artifacts\benchmark_runs\language\neuron_search_20260605\manual_self\screen_256_seed17_real_phase_phase_amplitude_neuron\result.json
screen_256,seed13_real_phase_phase_amplitude_neuron,11.155591431786032,8.467293760355782,-2.6882976714302504,8.460631370544434,7.172722816467285,-1.2879085540771484,13499.941247971952,16930.831820265907,1.2541411484149507,4934961,4951601,16640,200.65185546875,E:\CODEXRESEARCH\RESEARCH-1\artifacts\benchmark_runs\language\neuron_search_20260605\manual_self\screen_256_seed13_real_phase_phase_amplitude_neuron\result.json
screen_256,seed13_real_phase_phase_amplitude_replace_neuron,11.155591431786032,8.467307163219825,-2.688284268566207,8.460631370544434,7.1727070808410645,-1.2879242897033691,13499.941247971952,16620.85704192185,1.2311799537956316,4934961,4943281,8320,257.2529296875,E:\CODEXRESEARCH\RESEARCH-1\artifacts\benchmark_runs\language\neuron_search_20260605\manual_self\screen_256_seed13_real_phase_phase_amplitude_replace_neuron\result.json
screen_256,seed13_real_blend_strength_phase_residual_blend_half_neuron,11.155591431786032,8.474077064850752,-2.6815143669352803,8.460631370544434,7.306015968322754,-1.1546154022216797,13499.941247971952,16477.57005906999,1.2205660570223116,4934961,4935089,128,200.48046875,E:\CODEXRESEARCH\RESEARCH-1\artifacts\benchmark_runs\language\neuron_search_20260605\manual_self\screen_256_seed13_real_blend_strength_phase_residual_blend_half_neuron\result.json
screen_256,seed13_real_blend_strength_phase_residual_blend_large_neuron,11.155591431786032,8.475269004410388,-2.6803224273756445,8.460631370544434,7.307303428649902,-1.1533279418945312,13499.941247971952,16538.467784496723,1.2250770192782312,4934961,4935089,128,261.1748046875,E:\CODEXRESEARCH\RESEARCH-1\artifacts\benchmark_runs\language\neuron_search_20260605\manual_self\screen_256_seed13_real_blend_strength_phase_residual_blend_large_neuron\result.json
screen_256,seed13_real_blend_phase_residual_blend_neuron,11.155591431786032,8.476435126977808,-2.679156304808224,8.460631370544434,7.309411525726318,-1.1512198448181152,13499.941247971952,16514.626942814994,1.2233110233198923,4934961,4935089,128,200.478515625,E:\CODEXRESEARCH\RESEARCH-1\artifacts\benchmark_runs\language\neuron_search_20260605\manual_self\screen_256_seed13_real_blend_phase_residual_blend_neuron\result.json
screen_256,seed13_real_blend_strength_phase_residual_blend_neuron,11.155591431786032,8.476435126977808,-2.679156304808224,8.460631370544434,7.309411525726318,-1.1512198448181152,13499.941247971952,16181.759230979376,1.1986540484693076,4934961,4935089,128,256.9853515625,E:\CODEXRESEARCH\RESEARCH-1\artifacts\benchmark_runs\language\neuron_search_20260605\manual_self\screen_256_seed13_real_blend_strength_phase_residual_blend_neuron\result.json
screen_256,seed13_real_blend_strength_phase_residual_blend_tiny_neuron,11.155591431786032,8.47674339986315,-2.6788480319228825,8.460631370544434,7.310088157653809,-1.150543212890625,13499.941247971952,17124.245318599507,1.2684681365685218,4934961,4935089,128,200.478515625,E:\CODEXRESEARCH\RESEARCH-1\artifacts\benchmark_runs\language\neuron_search_20260605\manual_self\screen_256_seed13_real_blend_strength_phase_residual_blend_tiny_neuron\result.json
screen_256,seed13_real_phase_stable_competition_neuron,11.155591431786032,8.487248219695745,-2.668343212090287,8.460631370544434,7.299069404602051,-1.1615619659423828,13499.941247971952,16491.388403105746,1.2215896425166435,4934961,4934963,2,200.5771484375,E:\CODEXRESEARCH\RESEARCH-1\artifacts\benchmark_runs\language\neuron_search_20260605\manual_self\screen_256_seed13_real_phase_stable_competition_neuron\result.json
screen_256,seed29_real_blend_strength_phase_residual_blend_half_neuron,11.155591431786032,8.505032185012219,-2.6505592467738133,8.460631370544434,7.053462028503418,-1.4071693420410156,13499.941247971952,16884.632669508173,1.2507189742062537,4934961,4935089,128,200.48046875,E:\CODEXRESEARCH\RESEARCH-1\artifacts\benchmark_runs\language\neuron_search_20260605\manual_self\screen_256_seed29_real_blend_strength_phase_residual_blend_half_neuron\result.json
screen_256,seed29_real_blend_strength_phase_residual_blend_large_neuron,11.155591431786032,8.50574258963267,-2.6498488421533626,8.460631370544434,7.055129528045654,-1.4055018424987793,13499.941247971952,16048.198877037765,1.1887606458619684,4934961,4935089,128,261.1748046875,E:\CODEXRESEARCH\RESEARCH-1\artifacts\benchmark_runs\language\neuron_search_20260605\manual_self\screen_256_seed29_real_blend_strength_phase_residual_blend_large_neuron\result.json
screen_256,seed29_real_blend_phase_residual_blend_neuron,11.155591431786032,8.506067165673947,-2.649524266112085,8.460631370544434,7.055332183837891,-1.405299186706543,13499.941247971952,16699.33627822739,1.2369932558585077,4934961,4935089,128,200.478515625,E:\CODEXRESEARCH\RESEARCH-1\artifacts\benchmark_runs\language\neuron_search_20260605\manual_self\screen_256_seed29_real_blend_phase_residual_blend_neuron\result.json
screen_256,seed29_real_blend_strength_phase_residual_blend_neuron,11.155591431786032,8.506067165673947,-2.649524266112085,8.460631370544434,7.055332183837891,-1.405299186706543,13499.941247971952,16453.647217626807,1.2187939869811344,4934961,4935089,128,256.9853515625,E:\CODEXRESEARCH\RESEARCH-1\artifacts\benchmark_runs\language\neuron_search_20260605\manual_self\screen_256_seed29_real_blend_strength_phase_residual_blend_neuron\result.json
screen_256,seed29_real_blend_strength_phase_residual_blend_tiny_neuron,11.155591431786032,8.506518980101044,-2.6490724516849884,8.460631370544434,7.055518627166748,-1.4051127433776855,13499.941247971952,16855.10839645855,1.2485319814995959,4934961,4935089,128,200.478515625,E:\CODEXRESEARCH\RESEARCH-1\artifacts\benchmark_runs\language\neuron_search_20260605\manual_self\screen_256_seed29_real_blend_strength_phase_residual_blend_tiny_neuron\result.json
screen_256,seed29_real_phase_stable_competition_neuron,11.155591431786032,8.51003376970104,-2.6455576620849914,8.460631370544434,7.059610366821289,-1.4010210037231445,13499.941247971952,15324.676080665891,1.1351661314057988,4934961,4934963,2,200.5771484375,E:\CODEXRESEARCH\RESEARCH-1\artifacts\benchmark_runs\language\neuron_search_20260605\manual_self\screen_256_seed29_real_phase_stable_competition_neuron\result.json
screen_256,seed29_real_phase_phase_amplitude_replace_neuron,11.155591431786032,8.565095577052995,-2.590495854733037,8.460631370544434,7.099764823913574,-1.3608665466308594,13499.941247971952,17056.97295454411,1.2634849768036227,4934961,4943281,8320,257.2529296875,E:\CODEXRESEARCH\RESEARCH-1\artifacts\benchmark_runs\language\neuron_search_20260605\manual_self\screen_256_seed29_real_phase_phase_amplitude_replace_neuron\result.json
screen_256,seed29_real_phase_phase_amplitude_neuron,11.155591431786032,8.565131905499626,-2.5904595262864056,8.460631370544434,7.099700450897217,-1.3609309196472168,13499.941247971952,15762.925599003718,1.167629199969424,4934961,4951601,16640,200.65185546875,E:\CODEXRESEARCH\RESEARCH-1\artifacts\benchmark_runs\language\neuron_search_20260605\manual_self\screen_256_seed29_real_phase_phase_amplitude_neuron\result.json
screen_256,phase_amplitude_neutral_neuron,11.155591431786032,11.151792346729952,-0.003799085056080287,8.460631370544434,8.463053703308105,0.002422332763671875,13499.941247971952,15740.5490698195,1.1659716720755469,4934961,4934961,0,257.10888671875,E:\CODEXRESEARCH\RESEARCH-1\artifacts\benchmark_runs\language\neuron_search_20260605\manual_self\screen_256_phase_amplitude_neutral_neuron\result.json
screen_256,stable_competition_neuron,11.155591431786032,11.151976144080068,-0.0036152877059638655,8.460631370544434,8.461387634277344,0.0007562637329101562,13499.941247971952,14309.047590263503,1.0599340639658783,4934961,4934963,2,261.30126953125,E:\CODEXRESEARCH\RESEARCH-1\artifacts\benchmark_runs\language\neuron_search_20260605\manual_self\screen_256_stable_competition_neuron\result.json
screen_256,phase_amplitude_neuron,11.155591431786032,11.154120647206026,-0.0014707845800057129,8.460631370544434,8.386106491088867,-0.0745248794555664,13499.941247971952,15690.717875509521,1.1622804564328517,4934961,4951601,16640,200.65185546875,E:\CODEXRESEARCH\RESEARCH-1\artifacts\benchmark_runs\language\neuron_search_20260605\manual_self\screen_256_phase_amplitude_neuron\result.json
screen_256,seed13_phasev2_phase_amplitude_neuron,11.155591431786032,11.154120647206026,-0.0014707845800057129,8.460631370544434,8.386106491088867,-0.0745248794555664,13499.941247971952,16824.37369292024,1.2462553268850487,4934961,4951601,16640,200.65185546875,E:\CODEXRESEARCH\RESEARCH-1\artifacts\benchmark_runs\language\neuron_search_20260605\manual_self\screen_256_seed13_phasev2_phase_amplitude_neuron\result.json
screen_256,seed13_phasev2_phase_amplitude_replace_neuron,11.155591431786032,11.154135965833477,-0.0014554659525547464,8.460631370544434,8.386091232299805,-0.0745401382446289,13499.941247971952,17296.528257043676,1.2812298912517173,4934961,4943281,8320,200.71630859375,E:\CODEXRESEARCH\RESEARCH-1\artifacts\benchmark_runs\language\neuron_search_20260605\manual_self\screen_256_seed13_phasev2_phase_amplitude_replace_neuron\result.json
screen_256,seed13_phasev2_phase_amplitude_one_extra_neuron,11.155591431786032,11.157490836872775,0.0018994050867426893,8.460631370544434,8.418694496154785,-0.04193687438964844,13499.941247971952,16764.95015985503,1.2418535645385544,4934961,4943281,8320,257.2529296875,E:\CODEXRESEARCH\RESEARCH-1\artifacts\benchmark_runs\language\neuron_search_20260605\manual_self\screen_256_seed13_phasev2_phase_amplitude_one_extra_neuron\result.json
screen_256,seed29_phase_amplitude_neuron,11.155591431786032,11.230392158732695,0.07480072694666262,8.460631370544434,8.444765090942383,-0.01586627960205078,13499.941247971952,15750.774871489002,1.1667291421623915,4934961,4951601,16640,200.65185546875,E:\CODEXRESEARCH\RESEARCH-1\artifacts\benchmark_runs\language\neuron_search_20260605\manual_self\screen_256_seed29_phase_amplitude_neuron\result.json
screen_256,seed29_phasev2_phase_amplitude_neuron,11.155591431786032,11.230392158732695,0.07480072694666262,8.460631370544434,8.444765090942383,-0.01586627960205078,13499.941247971952,16766.21349107363,1.2419471450360837,4934961,4951601,16640,200.65185546875,E:\CODEXRESEARCH\RESEARCH-1\artifacts\benchmark_runs\language\neuron_search_20260605\manual_self\screen_256_seed29_phasev2_phase_amplitude_neuron\result.json
screen_256,seed29_phasev2_phase_amplitude_replace_neuron,11.155591431786032,11.230499387254902,0.07490795546886986,8.460631370544434,8.444734573364258,-0.01589679718017578,13499.941247971952,15345.1040561515,1.1366793213605089,4934961,4943281,8320,200.71630859375,E:\CODEXRESEARCH\RESEARCH-1\artifacts\benchmark_runs\language\neuron_search_20260605\manual_self\screen_256_seed29_phasev2_phase_amplitude_replace_neuron\result.json
screen_256,seed17_phase_amplitude_neuron,11.155591431786032,11.23939957151226,0.08380813972622825,8.460631370544434,8.565406799316406,0.10477542877197266,13499.941247971952,17157.403990049857,1.2709243451431578,4934961,4951601,16640,200.65185546875,E:\CODEXRESEARCH\RESEARCH-1\artifacts\benchmark_runs\language\neuron_search_20260605\manual_self\screen_256_seed17_phase_amplitude_neuron\result.json
screen_256,seed17_phasev2_phase_amplitude_neuron,11.155591431786032,11.23939957151226,0.08380813972622825,8.460631370544434,8.565406799316406,0.10477542877197266,13499.941247971952,13896.617510409278,1.0293835547245005,4934961,4951601,16640,200.65185546875,E:\CODEXRESEARCH\RESEARCH-1\artifacts\benchmark_runs\language\neuron_search_20260605\manual_self\screen_256_seed17_phasev2_phase_amplitude_neuron\result.json
screen_256,seed17_phasev2_phase_amplitude_replace_neuron,11.155591431786032,11.239414654526056,0.0838232227400244,8.460631370544434,8.565422058105469,0.10479068756103516,13499.941247971952,16373.637169861946,1.2128672909833367,4934961,4943281,8320,200.71630859375,E:\CODEXRESEARCH\RESEARCH-1\artifacts\benchmark_runs\language\neuron_search_20260605\manual_self\screen_256_seed17_phasev2_phase_amplitude_replace_neuron\result.json
screen_256,seed17_phasev2_phase_amplitude_one_extra_neuron,11.155591431786032,11.243213732102339,0.08762230031630658,8.460631370544434,8.634344100952148,0.17371273040771484,13499.941247971952,16843.72618953666,1.2476888513916335,4934961,4943281,8320,257.2529296875,E:\CODEXRESEARCH\RESEARCH-1\artifacts\benchmark_runs\language\neuron_search_20260605\manual_self\screen_256_seed17_phasev2_phase_amplitude_one_extra_neuron\result.json
screen_256,seed17_stable_competition_neuron,11.155591431786032,11.243443492814606,0.08785206102857401,8.460631370544434,8.616241455078125,0.1556100845336914,13499.941247971952,15539.641916918434,1.1510895959827157,4934961,4934963,2,261.30126953125,E:\CODEXRESEARCH\RESEARCH-1\artifacts\benchmark_runs\language\neuron_search_20260605\manual_self\screen_256_seed17_stable_competition_neuron\result.json
screen_256,seed17_phase_amplitude_neutral_neuron,11.155591431786032,11.244117607789882,0.0885261760038496,8.460631370544434,8.612266540527344,0.15163516998291016,13499.941247971952,17662.663102667102,1.3083511089591224,4934961,4934961,0,257.10888671875,E:\CODEXRESEARCH\RESEARCH-1\artifacts\benchmark_runs\language\neuron_search_20260605\manual_self\screen_256_seed17_phase_amplitude_neutral_neuron\result.json
screen_256,seed29_phasev2_phase_amplitude_one_extra_neuron,11.155591431786032,11.277389597425273,0.12179816563924106,8.460631370544434,8.333748817443848,-0.12688255310058594,13499.941247971952,16019.969598819634,1.1866695791158541,4934961,4943281,8320,257.2529296875,E:\CODEXRESEARCH\RESEARCH-1\artifacts\benchmark_runs\language\neuron_search_20260605\manual_self\screen_256_seed29_phasev2_phase_amplitude_one_extra_neuron\result.json
screen_256,seed29_phase_amplitude_neutral_neuron,11.155591431786032,11.278262875126858,0.1226714433408258,8.460631370544434,8.45521068572998,-0.005420684814453125,13499.941247971952,16666.324558016255,1.2345479326082236,4934961,4934961,0,257.10888671875,E:\CODEXRESEARCH\RESEARCH-1\artifacts\benchmark_runs\language\neuron_search_20260605\manual_self\screen_256_seed29_phase_amplitude_neutral_neuron\result.json
screen_256,seed29_stable_competition_neuron,11.155591431786032,11.27898271785063,0.1233912860645976,8.460631370544434,8.454365730285645,-0.0062656402587890625,13499.941247971952,15957.77525727037,1.182062570803236,4934961,4934963,2,261.30126953125,E:\CODEXRESEARCH\RESEARCH-1\artifacts\benchmark_runs\language\neuron_search_20260605\manual_self\screen_256_seed29_stable_competition_neuron\result.json
screen_256_seed13_phasev2,phase_amplitude_neuron,11.155591431786032,11.154120647206026,-0.0014707845800057129,8.460631370544434,8.386106491088867,-0.0745248794555664,14869.022769020097,16824.37369292024,1.1315050056937268,4934961,4951601,16640,200.65185546875,E:\CODEXRESEARCH\RESEARCH-1\artifacts\benchmark_runs\language\neuron_search_20260605\manual_self\screen_256_seed13_phasev2_phase_amplitude_neuron\result.json
screen_256_seed13_phasev2,phase_amplitude_replace_neuron,11.155591431786032,11.154135965833477,-0.0014554659525547464,8.460631370544434,8.386091232299805,-0.0745401382446289,14869.022769020097,17296.528257043676,1.1632592488244307,4934961,4943281,8320,200.71630859375,E:\CODEXRESEARCH\RESEARCH-1\artifacts\benchmark_runs\language\neuron_search_20260605\manual_self\screen_256_seed13_phasev2_phase_amplitude_replace_neuron\result.json
screen_256_seed13_phasev2,phase_amplitude_one_extra_neuron,11.155591431786032,11.157490836872775,0.0018994050867426893,8.460631370544434,8.418694496154785,-0.04193687438964844,14869.022769020097,16764.95015985503,1.1275085404257457,4934961,4943281,8320,257.2529296875,E:\CODEXRESEARCH\RESEARCH-1\artifacts\benchmark_runs\language\neuron_search_20260605\manual_self\screen_256_seed13_phasev2_phase_amplitude_one_extra_neuron\result.json
screen_256_seed13_real_blend,strength_phase_residual_blend_half_neuron,8.476921556977665,8.474077064850752,-0.0028444921269130674,7.310634136199951,7.306015968322754,-0.004618167877197266,14790.280148666432,16477.57005906999,1.1140809973471457,4934961,4935089,128,200.48046875,E:\CODEXRESEARCH\RESEARCH-1\artifacts\benchmark_runs\language\neuron_search_20260605\manual_self\screen_256_seed13_real_blend_strength_phase_residual_blend_half_neuron\result.json
screen_256_seed13_real_blend,strength_phase_residual_blend_large_neuron,8.476921556977665,8.475269004410388,-0.0016525525672772545,7.310634136199951,7.307303428649902,-0.003330707550048828,14790.280148666432,16538.467784496723,1.1181984126235713,4934961,4935089,128,261.1748046875,E:\CODEXRESEARCH\RESEARCH-1\artifacts\benchmark_runs\language\neuron_search_20260605\manual_self\screen_256_seed13_real_blend_strength_phase_residual_blend_large_neuron\result.json
screen_256_seed13_real_blend,phase_residual_blend_neuron,8.476921556977665,8.476435126977808,-0.00048642999985659685,7.310634136199951,7.309411525726318,-0.0012226104736328125,14790.280148666432,16514.626942814994,1.1165864863150707,4934961,4935089,128,200.478515625,E:\CODEXRESEARCH\RESEARCH-1\artifacts\benchmark_runs\language\neuron_search_20260605\manual_self\screen_256_seed13_real_blend_phase_residual_blend_neuron\result.json
screen_256_seed13_real_blend,strength_phase_residual_blend_neuron,8.476921556977665,8.476435126977808,-0.00048642999985659685,7.310634136199951,7.309411525726318,-0.0012226104736328125,14790.280148666432,16181.759230979376,1.0940806440666648,4934961,4935089,128,256.9853515625,E:\CODEXRESEARCH\RESEARCH-1\artifacts\benchmark_runs\language\neuron_search_20260605\manual_self\screen_256_seed13_real_blend_strength_phase_residual_blend_neuron\result.json
screen_256_seed13_real_blend,strength_phase_residual_blend_tiny_neuron,8.476921556977665,8.47674339986315,-0.00017815711451518723,7.310634136199951,7.310088157653809,-0.0005459785461425781,14790.280148666432,17124.245318599507,1.157803986569079,4934961,4935089,128,200.478515625,E:\CODEXRESEARCH\RESEARCH-1\artifacts\benchmark_runs\language\neuron_search_20260605\manual_self\screen_256_seed13_real_blend_strength_phase_residual_blend_tiny_neuron\result.json
screen_256_seed13_real_blend_strength,phase_residual_blend_half_neuron,8.476921556977665,8.474077064850752,-0.0028444921269130674,7.310634136199951,7.306015968322754,-0.004618167877197266,15065.76351181023,16477.57005906999,1.093709591694641,4934961,4935089,128,200.48046875,E:\CODEXRESEARCH\RESEARCH-1\artifacts\benchmark_runs\language\neuron_search_20260605\manual_self\screen_256_seed13_real_blend_strength_phase_residual_blend_half_neuron\result.json
screen_256_seed13_real_blend_strength,phase_residual_blend_large_neuron,8.476921556977665,8.475269004410388,-0.0016525525672772545,7.310634136199951,7.307303428649902,-0.003330707550048828,15065.76351181023,16538.467784496723,1.0977517184264856,4934961,4935089,128,261.1748046875,E:\CODEXRESEARCH\RESEARCH-1\artifacts\benchmark_runs\language\neuron_search_20260605\manual_self\screen_256_seed13_real_blend_strength_phase_residual_blend_large_neuron\result.json
screen_256_seed13_real_blend_strength,phase_residual_blend_neuron,8.476921556977665,8.476435126977808,-0.00048642999985659685,7.310634136199951,7.309411525726318,-0.0012226104736328125,15065.76351181023,16181.759230979376,1.0740749526762652,4934961,4935089,128,256.9853515625,E:\CODEXRESEARCH\RESEARCH-1\artifacts\benchmark_runs\language\neuron_search_20260605\manual_self\screen_256_seed13_real_blend_strength_phase_residual_blend_neuron\result.json
screen_256_seed13_real_blend_strength,phase_residual_blend_tiny_neuron,8.476921556977665,8.47674339986315,-0.00017815711451518723,7.310634136199951,7.310088157653809,-0.0005459785461425781,15065.76351181023,17124.245318599507,1.1366330890018026,4934961,4935089,128,200.478515625,E:\CODEXRESEARCH\RESEARCH-1\artifacts\benchmark_runs\language\neuron_search_20260605\manual_self\screen_256_seed13_real_blend_strength_phase_residual_blend_tiny_neuron\result.json
screen_256_seed13_real_phase,phase_amplitude_neuron,8.476921556977665,8.467293760355782,-0.009627796621883178,7.310634136199951,7.172722816467285,-0.13791131973266602,14476.386890661366,16930.831820265907,1.1695481716634617,4934961,4951601,16640,200.65185546875,E:\CODEXRESEARCH\RESEARCH-1\artifacts\benchmark_runs\language\neuron_search_20260605\manual_self\screen_256_seed13_real_phase_phase_amplitude_neuron\result.json
screen_256_seed13_real_phase,phase_amplitude_replace_neuron,8.476921556977665,8.467307163219825,-0.009614393757839679,7.310634136199951,7.1727070808410645,-0.13792705535888672,14476.386890661366,16620.85704192185,1.1481357307909383,4934961,4943281,8320,257.2529296875,E:\CODEXRESEARCH\RESEARCH-1\artifacts\benchmark_runs\language\neuron_search_20260605\manual_self\screen_256_seed13_real_phase_phase_amplitude_replace_neuron\result.json
screen_256_seed13_real_phase,stable_competition_neuron,8.476921556977665,8.487248219695745,0.01032666271808047,7.310634136199951,7.299069404602051,-0.01156473159790039,14476.386890661366,16491.388403105746,1.1391922948497768,4934961,4934963,2,200.5771484375,E:\CODEXRESEARCH\RESEARCH-1\artifacts\benchmark_runs\language\neuron_search_20260605\manual_self\screen_256_seed13_real_phase_stable_competition_neuron\result.json
screen_256_seed17,real_blend_strength_phase_residual_blend_half_neuron,11.254442387001188,8.42260646165586,-2.8318359253453274,8.608527183532715,6.469443321228027,-2.1390838623046875,15958.434146061452,16631.859845999497,1.0421987328941196,4934961,4935089,128,200.48046875,E:\CODEXRESEARCH\RESEARCH-1\artifacts\benchmark_runs\language\neuron_search_20260605\manual_self\screen_256_seed17_real_blend_strength_phase_residual_blend_half_neuron\result.json
screen_256_seed17,real_blend_strength_phase_residual_blend_large_neuron,11.254442387001188,8.42366249888551,-2.8307798881156767,8.608527183532715,6.46983528137207,-2.1386919021606445,15958.434146061452,17668.931960161735,1.1071845645033058,4934961,4935089,128,261.1748046875,E:\CODEXRESEARCH\RESEARCH-1\artifacts\benchmark_runs\language\neuron_search_20260605\manual_self\screen_256_seed17_real_blend_strength_phase_residual_blend_large_neuron\result.json
screen_256_seed17,real_blend_phase_residual_blend_neuron,11.254442387001188,8.424478165308635,-2.8299642216925527,8.608527183532715,6.471031665802002,-2.137495517730713,15958.434146061452,15387.931449155947,0.9642507095819106,4934961,4935089,128,200.478515625,E:\CODEXRESEARCH\RESEARCH-1\artifacts\benchmark_runs\language\neuron_search_20260605\manual_self\screen_256_seed17_real_blend_phase_residual_blend_neuron\result.json
screen_256_seed17,real_blend_strength_phase_residual_blend_neuron,11.254442387001188,8.424478165308635,-2.8299642216925527,8.608527183532715,6.471031665802002,-2.137495517730713,15958.434146061452,16998.5166137685,1.0651744687597524,4934961,4935089,128,256.9853515625,E:\CODEXRESEARCH\RESEARCH-1\artifacts\benchmark_runs\language\neuron_search_20260605\manual_self\screen_256_seed17_real_blend_strength_phase_residual_blend_neuron\result.json
screen_256_seed17,real_blend_strength_phase_residual_blend_tiny_neuron,11.254442387001188,8.425091890727773,-2.829350496273415,8.608527183532715,6.473139762878418,-2.135387420654297,15958.434146061452,17376.869454347136,1.0888831131740926,4934961,4935089,128,200.478515625,E:\CODEXRESEARCH\RESEARCH-1\artifacts\benchmark_runs\language\neuron_search_20260605\manual_self\screen_256_seed17_real_blend_strength_phase_residual_blend_tiny_neuron\result.json
screen_256_seed17,real_phase_stable_competition_neuron,11.254442387001188,8.442129034622043,-2.812313352379144,8.608527183532715,6.489110469818115,-2.1194167137145996,15958.434146061452,15704.157158334609,0.9840662946377104,4934961,4934963,2,200.5771484375,E:\CODEXRESEARCH\RESEARCH-1\artifacts\benchmark_runs\language\neuron_search_20260605\manual_self\screen_256_seed17_real_phase_stable_competition_neuron\result.json
screen_256_seed17,real_phase_phase_amplitude_replace_neuron,11.254442387001188,8.444554258327859,-2.809888128673329,8.608527183532715,6.574231147766113,-2.0342960357666016,15958.434146061452,17093.30093438692,1.071113918692678,4934961,4943281,8320,257.2529296875,E:\CODEXRESEARCH\RESEARCH-1\artifacts\benchmark_runs\language\neuron_search_20260605\manual_self\screen_256_seed17_real_phase_phase_amplitude_replace_neuron\result.json
screen_256_seed17,real_phase_phase_amplitude_neuron,11.254442387001188,8.444583869447895,-2.809858517553293,8.608527183532715,6.57448673248291,-2.0340404510498047,15958.434146061452,15139.419372192473,0.948678249609401,4934961,4951601,16640,200.65185546875,E:\CODEXRESEARCH\RESEARCH-1\artifacts\benchmark_runs\language\neuron_search_20260605\manual_self\screen_256_seed17_real_phase_phase_amplitude_neuron\result.json
screen_256_seed17,phase_amplitude_neuron,11.254442387001188,11.23939957151226,-0.015042815488927275,8.608527183532715,8.565406799316406,-0.043120384216308594,15958.434146061452,17157.403990049857,1.0751307949774203,4934961,4951601,16640,200.65185546875,E:\CODEXRESEARCH\RESEARCH-1\artifacts\benchmark_runs\language\neuron_search_20260605\manual_self\screen_256_seed17_phase_amplitude_neuron\result.json
screen_256_seed17,phasev2_phase_amplitude_neuron,11.254442387001188,11.23939957151226,-0.015042815488927275,8.608527183532715,8.565406799316406,-0.043120384216308594,15958.434146061452,13896.617510409278,0.8708008181265684,4934961,4951601,16640,200.65185546875,E:\CODEXRESEARCH\RESEARCH-1\artifacts\benchmark_runs\language\neuron_search_20260605\manual_self\screen_256_seed17_phasev2_phase_amplitude_neuron\result.json
screen_256_seed17,phasev2_phase_amplitude_replace_neuron,11.254442387001188,11.239414654526056,-0.015027732475131117,8.608527183532715,8.565422058105469,-0.043105125427246094,15958.434146061452,16373.637169861946,1.0260177796894294,4934961,4943281,8320,200.71630859375,E:\CODEXRESEARCH\RESEARCH-1\artifacts\benchmark_runs\language\neuron_search_20260605\manual_self\screen_256_seed17_phasev2_phase_amplitude_replace_neuron\result.json
screen_256_seed17,phasev2_phase_amplitude_one_extra_neuron,11.254442387001188,11.243213732102339,-0.011228654898848944,8.608527183532715,8.634344100952148,0.025816917419433594,15958.434146061452,16843.72618953666,1.0554748689860465,4934961,4943281,8320,257.2529296875,E:\CODEXRESEARCH\RESEARCH-1\artifacts\benchmark_runs\language\neuron_search_20260605\manual_self\screen_256_seed17_phasev2_phase_amplitude_one_extra_neuron\result.json
screen_256_seed17,stable_competition_neuron,11.254442387001188,11.243443492814606,-0.01099889418658151,8.608527183532715,8.616241455078125,0.007714271545410156,15958.434146061452,15539.641916918434,0.9737573106916397,4934961,4934963,2,261.30126953125,E:\CODEXRESEARCH\RESEARCH-1\artifacts\benchmark_runs\language\neuron_search_20260605\manual_self\screen_256_seed17_stable_competition_neuron\result.json
screen_256_seed17,phase_amplitude_neutral_neuron,11.254442387001188,11.244117607789882,-0.010324779211305923,8.608527183532715,8.612266540527344,0.0037393569946289062,15958.434146061452,17662.663102667102,1.1067917404055745,4934961,4934961,0,257.10888671875,E:\CODEXRESEARCH\RESEARCH-1\artifacts\benchmark_runs\language\neuron_search_20260605\manual_self\screen_256_seed17_phase_amplitude_neutral_neuron\result.json
screen_256_seed17_phasev2,phase_amplitude_neuron,11.254442387001188,11.23939957151226,-0.015042815488927275,8.608527183532715,8.565406799316406,-0.043120384216308594,15465.377442994313,13896.617510409278,0.8985631008122812,4934961,4951601,16640,200.65185546875,E:\CODEXRESEARCH\RESEARCH-1\artifacts\benchmark_runs\language\neuron_search_20260605\manual_self\screen_256_seed17_phasev2_phase_amplitude_neuron\result.json
screen_256_seed17_phasev2,phase_amplitude_replace_neuron,11.254442387001188,11.239414654526056,-0.015027732475131117,8.608527183532715,8.565422058105469,-0.043105125427246094,15465.377442994313,16373.637169861946,1.058728584557053,4934961,4943281,8320,200.71630859375,E:\CODEXRESEARCH\RESEARCH-1\artifacts\benchmark_runs\language\neuron_search_20260605\manual_self\screen_256_seed17_phasev2_phase_amplitude_replace_neuron\result.json
screen_256_seed17_phasev2,phase_amplitude_one_extra_neuron,11.254442387001188,11.243213732102339,-0.011228654898848944,8.608527183532715,8.634344100952148,0.025816917419433594,15465.377442994313,16843.72618953666,1.0891248048502513,4934961,4943281,8320,257.2529296875,E:\CODEXRESEARCH\RESEARCH-1\artifacts\benchmark_runs\language\neuron_search_20260605\manual_self\screen_256_seed17_phasev2_phase_amplitude_one_extra_neuron\result.json
screen_256_seed17_real_blend,strength_phase_residual_blend_half_neuron,8.42515129622291,8.42260646165586,-0.002544834567050458,6.473328590393066,6.469443321228027,-0.0038852691650390625,14764.459043014804,16631.859845999497,1.1264794597312509,4934961,4935089,128,200.48046875,E:\CODEXRESEARCH\RESEARCH-1\artifacts\benchmark_runs\language\neuron_search_20260605\manual_self\screen_256_seed17_real_blend_strength_phase_residual_blend_half_neuron\result.json
screen_256_seed17_real_blend,strength_phase_residual_blend_large_neuron,8.42515129622291,8.42366249888551,-0.0014887973373998165,6.473328590393066,6.46983528137207,-0.0034933090209960938,14764.459043014804,17668.931960161735,1.196720578023552,4934961,4935089,128,261.1748046875,E:\CODEXRESEARCH\RESEARCH-1\artifacts\benchmark_runs\language\neuron_search_20260605\manual_self\screen_256_seed17_real_blend_strength_phase_residual_blend_large_neuron\result.json
screen_256_seed17_real_blend,phase_residual_blend_neuron,8.42515129622291,8.424478165308635,-0.000673130914275788,6.473328590393066,6.471031665802002,-0.002296924591064453,14764.459043014804,15387.931449155947,1.0422279207334801,4934961,4935089,128,200.478515625,E:\CODEXRESEARCH\RESEARCH-1\artifacts\benchmark_runs\language\neuron_search_20260605\manual_self\screen_256_seed17_real_blend_phase_residual_blend_neuron\result.json
screen_256_seed17_real_blend,strength_phase_residual_blend_neuron,8.42515129622291,8.424478165308635,-0.000673130914275788,6.473328590393066,6.471031665802002,-0.002296924591064453,14764.459043014804,16998.5166137685,1.1513132018074614,4934961,4935089,128,256.9853515625,E:\CODEXRESEARCH\RESEARCH-1\artifacts\benchmark_runs\language\neuron_search_20260605\manual_self\screen_256_seed17_real_blend_strength_phase_residual_blend_neuron\result.json
screen_256_seed17_real_blend,strength_phase_residual_blend_tiny_neuron,8.42515129622291,8.425091890727773,-5.9405495138165065e-05,6.473328590393066,6.473139762878418,-0.0001888275146484375,14764.459043014804,17376.869454347136,1.1769391214213356,4934961,4935089,128,200.478515625,E:\CODEXRESEARCH\RESEARCH-1\artifacts\benchmark_runs\language\neuron_search_20260605\manual_self\screen_256_seed17_real_blend_strength_phase_residual_blend_tiny_neuron\result.json
screen_256_seed17_real_blend_strength,phase_residual_blend_half_neuron,8.42515129622291,8.42260646165586,-0.002544834567050458,6.473328590393066,6.469443321228027,-0.0038852691650390625,15021.136589169771,16631.859845999497,1.1072304513888154,4934961,4935089,128,200.48046875,E:\CODEXRESEARCH\RESEARCH-1\artifacts\benchmark_runs\language\neuron_search_20260605\manual_self\screen_256_seed17_real_blend_strength_phase_residual_blend_half_neuron\result.json
screen_256_seed17_real_blend_strength,phase_residual_blend_large_neuron,8.42515129622291,8.42366249888551,-0.0014887973373998165,6.473328590393066,6.46983528137207,-0.0034933090209960938,15021.136589169771,17668.931960161735,1.176271306453669,4934961,4935089,128,261.1748046875,E:\CODEXRESEARCH\RESEARCH-1\artifacts\benchmark_runs\language\neuron_search_20260605\manual_self\screen_256_seed17_real_blend_strength_phase_residual_blend_large_neuron\result.json
screen_256_seed17_real_blend_strength,phase_residual_blend_neuron,8.42515129622291,8.424478165308635,-0.000673130914275788,6.473328590393066,6.471031665802002,-0.002296924591064453,15021.136589169771,16998.5166137685,1.1316398404914592,4934961,4935089,128,256.9853515625,E:\CODEXRESEARCH\RESEARCH-1\artifacts\benchmark_runs\language\neuron_search_20260605\manual_self\screen_256_seed17_real_blend_strength_phase_residual_blend_neuron\result.json
screen_256_seed17_real_blend_strength,phase_residual_blend_tiny_neuron,8.42515129622291,8.425091890727773,-5.9405495138165065e-05,6.473328590393066,6.473139762878418,-0.0001888275146484375,15021.136589169771,17376.869454347136,1.1568278705937503,4934961,4935089,128,200.478515625,E:\CODEXRESEARCH\RESEARCH-1\artifacts\benchmark_runs\language\neuron_search_20260605\manual_self\screen_256_seed17_real_blend_strength_phase_residual_blend_tiny_neuron\result.json
screen_256_seed17_real_phase,stable_competition_neuron,8.42515129622291,8.442129034622043,0.016977738399132747,6.473328590393066,6.489110469818115,0.015781879425048828,16089.8119104695,15704.157158334609,0.9760311211665595,4934961,4934963,2,200.5771484375,E:\CODEXRESEARCH\RESEARCH-1\artifacts\benchmark_runs\language\neuron_search_20260605\manual_self\screen_256_seed17_real_phase_stable_competition_neuron\result.json
screen_256_seed17_real_phase,phase_amplitude_replace_neuron,8.42515129622291,8.444554258327859,0.019402962104948074,6.473328590393066,6.574231147766113,0.10090255737304688,16089.8119104695,17093.30093438692,1.0623679772952759,4934961,4943281,8320,257.2529296875,E:\CODEXRESEARCH\RESEARCH-1\artifacts\benchmark_runs\language\neuron_search_20260605\manual_self\screen_256_seed17_real_phase_phase_amplitude_replace_neuron\result.json
screen_256_seed17_real_phase,phase_amplitude_neuron,8.42515129622291,8.444583869447895,0.01943257322498404,6.473328590393066,6.57448673248291,0.10115814208984375,16089.8119104695,15139.419372192473,0.9409320293136171,4934961,4951601,16640,200.65185546875,E:\CODEXRESEARCH\RESEARCH-1\artifacts\benchmark_runs\language\neuron_search_20260605\manual_self\screen_256_seed17_real_phase_phase_amplitude_neuron\result.json
screen_256_seed29,real_blend_strength_phase_residual_blend_half_neuron,11.277236577576282,8.505032185012219,-2.7722043925640634,8.454289436340332,7.053462028503418,-1.400827407836914,15056.459300492183,16884.632669508173,1.121421200863355,4934961,4935089,128,200.48046875,E:\CODEXRESEARCH\RESEARCH-1\artifacts\benchmark_runs\language\neuron_search_20260605\manual_self\screen_256_seed29_real_blend_strength_phase_residual_blend_half_neuron\result.json
screen_256_seed29,real_blend_strength_phase_residual_blend_large_neuron,11.277236577576282,8.50574258963267,-2.7714939879436127,8.454289436340332,7.055129528045654,-1.3991599082946777,15056.459300492183,16048.198877037765,1.0658680475105566,4934961,4935089,128,261.1748046875,E:\CODEXRESEARCH\RESEARCH-1\artifacts\benchmark_runs\language\neuron_search_20260605\manual_self\screen_256_seed29_real_blend_strength_phase_residual_blend_large_neuron\result.json
screen_256_seed29,real_blend_phase_residual_blend_neuron,11.277236577576282,8.506067165673947,-2.771169411902335,8.454289436340332,7.055332183837891,-1.3989572525024414,15056.459300492183,16699.33627822739,1.1091144302220843,4934961,4935089,128,200.478515625,E:\CODEXRESEARCH\RESEARCH-1\artifacts\benchmark_runs\language\neuron_search_20260605\manual_self\screen_256_seed29_real_blend_phase_residual_blend_neuron\result.json
screen_256_seed29,real_blend_strength_phase_residual_blend_neuron,11.277236577576282,8.506067165673947,-2.771169411902335,8.454289436340332,7.055332183837891,-1.3989572525024414,15056.459300492183,16453.647217626807,1.0927965791458654,4934961,4935089,128,256.9853515625,E:\CODEXRESEARCH\RESEARCH-1\artifacts\benchmark_runs\language\neuron_search_20260605\manual_self\screen_256_seed29_real_blend_strength_phase_residual_blend_neuron\result.json
screen_256_seed29,real_blend_strength_phase_residual_blend_tiny_neuron,11.277236577576282,8.506518980101044,-2.7707175974752385,8.454289436340332,7.055518627166748,-1.398770809173584,15056.459300492183,16855.10839645855,1.1194602967450369,4934961,4935089,128,200.478515625,E:\CODEXRESEARCH\RESEARCH-1\artifacts\benchmark_runs\language\neuron_search_20260605\manual_self\screen_256_seed29_real_blend_strength_phase_residual_blend_tiny_neuron\result.json
screen_256_seed29,real_phase_stable_competition_neuron,11.277236577576282,8.51003376970104,-2.7672028078752415,8.454289436340332,7.059610366821289,-1.394679069519043,15056.459300492183,15324.676080665891,1.017814067359445,4934961,4934963,2,200.5771484375,E:\CODEXRESEARCH\RESEARCH-1\artifacts\benchmark_runs\language\neuron_search_20260605\manual_self\screen_256_seed29_real_phase_stable_competition_neuron\result.json
screen_256_seed29,real_phase_phase_amplitude_replace_neuron,11.277236577576282,8.565095577052995,-2.712141000523287,8.454289436340332,7.099764823913574,-1.3545246124267578,15056.459300492183,17056.97295454411,1.132867469975928,4934961,4943281,8320,257.2529296875,E:\CODEXRESEARCH\RESEARCH-1\artifacts\benchmark_runs\language\neuron_search_20260605\manual_self\screen_256_seed29_real_phase_phase_amplitude_replace_neuron\result.json
screen_256_seed29,real_phase_phase_amplitude_neuron,11.277236577576282,8.565131905499626,-2.7121046720766557,8.454289436340332,7.099700450897217,-1.3545889854431152,15056.459300492183,15762.925599003718,1.0469211442353146,4934961,4951601,16640,200.65185546875,E:\CODEXRESEARCH\RESEARCH-1\artifacts\benchmark_runs\language\neuron_search_20260605\manual_self\screen_256_seed29_real_phase_phase_amplitude_neuron\result.json
screen_256_seed29,phase_amplitude_neuron,11.277236577576282,11.230392158732695,-0.046844418843587476,8.454289436340332,8.444765090942383,-0.009524345397949219,15056.459300492183,15750.774871489002,1.046114133285913,4934961,4951601,16640,200.65185546875,E:\CODEXRESEARCH\RESEARCH-1\artifacts\benchmark_runs\language\neuron_search_20260605\manual_self\screen_256_seed29_phase_amplitude_neuron\result.json
screen_256_seed29,phasev2_phase_amplitude_neuron,11.277236577576282,11.230392158732695,-0.046844418843587476,8.454289436340332,8.444765090942383,-0.009524345397949219,15056.459300492183,16766.21349107363,1.1135561924924513,4934961,4951601,16640,200.65185546875,E:\CODEXRESEARCH\RESEARCH-1\artifacts\benchmark_runs\language\neuron_search_20260605\manual_self\screen_256_seed29_phasev2_phase_amplitude_neuron\result.json
screen_256_seed29,phasev2_phase_amplitude_replace_neuron,11.277236577576282,11.230499387254902,-0.04673719032138024,8.454289436340332,8.444734573364258,-0.009554862976074219,15056.459300492183,15345.1040561515,1.0191708256170082,4934961,4943281,8320,200.71630859375,E:\CODEXRESEARCH\RESEARCH-1\artifacts\benchmark_runs\language\neuron_search_20260605\manual_self\screen_256_seed29_phasev2_phase_amplitude_replace_neuron\result.json
screen_256_seed29,phasev2_phase_amplitude_one_extra_neuron,11.277236577576282,11.277389597425273,0.0001530198489909651,8.454289436340332,8.333748817443848,-0.12054061889648438,15056.459300492183,16019.969598819634,1.0639931526461839,4934961,4943281,8320,257.2529296875,E:\CODEXRESEARCH\RESEARCH-1\artifacts\benchmark_runs\language\neuron_search_20260605\manual_self\screen_256_seed29_phasev2_phase_amplitude_one_extra_neuron\result.json
screen_256_seed29,phase_amplitude_neutral_neuron,11.277236577576282,11.278262875126858,0.0010262975505757055,8.454289436340332,8.45521068572998,0.0009212493896484375,15056.459300492183,16666.324558016255,1.1069219014507248,4934961,4934961,0,257.10888671875,E:\CODEXRESEARCH\RESEARCH-1\artifacts\benchmark_runs\language\neuron_search_20260605\manual_self\screen_256_seed29_phase_amplitude_neutral_neuron\result.json
screen_256_seed29,stable_competition_neuron,11.277236577576282,11.27898271785063,0.0017461402743474963,8.454289436340332,8.454365730285645,7.62939453125e-05,15056.459300492183,15957.77525727037,1.0598624111280084,4934961,4934963,2,261.30126953125,E:\CODEXRESEARCH\RESEARCH-1\artifacts\benchmark_runs\language\neuron_search_20260605\manual_self\screen_256_seed29_stable_competition_neuron\result.json
screen_256_seed29_phasev2,phase_amplitude_neuron,11.277236577576282,11.230392158732695,-0.046844418843587476,8.454289436340332,8.444765090942383,-0.009524345397949219,15332.984003797463,16766.21349107363,1.0934736178503288,4934961,4951601,16640,200.65185546875,E:\CODEXRESEARCH\RESEARCH-1\artifacts\benchmark_runs\language\neuron_search_20260605\manual_self\screen_256_seed29_phasev2_phase_amplitude_neuron\result.json
screen_256_seed29_phasev2,phase_amplitude_replace_neuron,11.277236577576282,11.230499387254902,-0.04673719032138024,8.454289436340332,8.444734573364258,-0.009554862976074219,15332.984003797463,15345.1040561515,1.000790456205461,4934961,4943281,8320,200.71630859375,E:\CODEXRESEARCH\RESEARCH-1\artifacts\benchmark_runs\language\neuron_search_20260605\manual_self\screen_256_seed29_phasev2_phase_amplitude_replace_neuron\result.json
screen_256_seed29_phasev2,phase_amplitude_one_extra_neuron,11.277236577576282,11.277389597425273,0.0001530198489909651,8.454289436340332,8.333748817443848,-0.12054061889648438,15332.984003797463,16019.969598819634,1.0448044291216914,4934961,4943281,8320,257.2529296875,E:\CODEXRESEARCH\RESEARCH-1\artifacts\benchmark_runs\language\neuron_search_20260605\manual_self\screen_256_seed29_phasev2_phase_amplitude_one_extra_neuron\result.json
screen_256_seed29_real_blend,strength_phase_residual_blend_half_neuron,8.506423277013441,8.505032185012219,-0.0013910920012225603,7.055885314941406,7.053462028503418,-0.0024232864379882812,15264.220785885926,16884.632669508173,1.1061575239478036,4934961,4935089,128,200.48046875,E:\CODEXRESEARCH\RESEARCH-1\artifacts\benchmark_runs\language\neuron_search_20260605\manual_self\screen_256_seed29_real_blend_strength_phase_residual_blend_half_neuron\result.json
screen_256_seed29_real_blend,strength_phase_residual_blend_large_neuron,8.506423277013441,8.50574258963267,-0.0006806873807718716,7.055885314941406,7.055129528045654,-0.0007557868957519531,15264.220785885926,16048.198877037765,1.0513605052068393,4934961,4935089,128,261.1748046875,E:\CODEXRESEARCH\RESEARCH-1\artifacts\benchmark_runs\language\neuron_search_20260605\manual_self\screen_256_seed29_real_blend_strength_phase_residual_blend_large_neuron\result.json
screen_256_seed29_real_blend,phase_residual_blend_neuron,8.506423277013441,8.506067165673947,-0.0003561113394940918,7.055885314941406,7.055332183837891,-0.000553131103515625,15264.220785885926,16699.33627822739,1.0940182609038547,4934961,4935089,128,200.478515625,E:\CODEXRESEARCH\RESEARCH-1\artifacts\benchmark_runs\language\neuron_search_20260605\manual_self\screen_256_seed29_real_blend_phase_residual_blend_neuron\result.json
screen_256_seed29_real_blend,strength_phase_residual_blend_neuron,8.506423277013441,8.506067165673947,-0.0003561113394940918,7.055885314941406,7.055332183837891,-0.000553131103515625,15264.220785885926,16453.647217626807,1.077922512287079,4934961,4935089,128,256.9853515625,E:\CODEXRESEARCH\RESEARCH-1\artifacts\benchmark_runs\language\neuron_search_20260605\manual_self\screen_256_seed29_real_blend_strength_phase_residual_blend_neuron\result.json
screen_256_seed29_real_blend,strength_phase_residual_blend_tiny_neuron,8.506423277013441,8.506518980101044,9.570308760231683e-05,7.055885314941406,7.055518627166748,-0.0003666877746582031,15264.220785885926,16855.10839645855,1.1042233097180851,4934961,4935089,128,200.478515625,E:\CODEXRESEARCH\RESEARCH-1\artifacts\benchmark_runs\language\neuron_search_20260605\manual_self\screen_256_seed29_real_blend_strength_phase_residual_blend_tiny_neuron\result.json
screen_256_seed29_real_blend_strength,phase_residual_blend_half_neuron,8.506423277013441,8.505032185012219,-0.0013910920012225603,7.055885314941406,7.053462028503418,-0.0024232864379882812,15552.993991850488,16884.632669508173,1.0856194426845045,4934961,4935089,128,200.48046875,E:\CODEXRESEARCH\RESEARCH-1\artifacts\benchmark_runs\language\neuron_search_20260605\manual_self\screen_256_seed29_real_blend_strength_phase_residual_blend_half_neuron\result.json
screen_256_seed29_real_blend_strength,phase_residual_blend_large_neuron,8.506423277013441,8.50574258963267,-0.0006806873807718716,7.055885314941406,7.055129528045654,-0.0007557868957519531,15552.993991850488,16048.198877037765,1.0318398428911344,4934961,4935089,128,261.1748046875,E:\CODEXRESEARCH\RESEARCH-1\artifacts\benchmark_runs\language\neuron_search_20260605\manual_self\screen_256_seed29_real_blend_strength_phase_residual_blend_large_neuron\result.json
screen_256_seed29_real_blend_strength,phase_residual_blend_neuron,8.506423277013441,8.506067165673947,-0.0003561113394940918,7.055885314941406,7.055332183837891,-0.000553131103515625,15552.993991850488,16453.647217626807,1.0579086718768262,4934961,4935089,128,256.9853515625,E:\CODEXRESEARCH\RESEARCH-1\artifacts\benchmark_runs\language\neuron_search_20260605\manual_self\screen_256_seed29_real_blend_strength_phase_residual_blend_neuron\result.json
screen_256_seed29_real_blend_strength,phase_residual_blend_tiny_neuron,8.506423277013441,8.506518980101044,9.570308760231683e-05,7.055885314941406,7.055518627166748,-0.0003666877746582031,15552.993991850488,16855.10839645855,1.0837211411057155,4934961,4935089,128,200.478515625,E:\CODEXRESEARCH\RESEARCH-1\artifacts\benchmark_runs\language\neuron_search_20260605\manual_self\screen_256_seed29_real_blend_strength_phase_residual_blend_tiny_neuron\result.json
screen_256_seed29_real_phase,stable_competition_neuron,8.506423277013441,8.51003376970104,0.003610492687599276,7.055885314941406,7.059610366821289,0.0037250518798828125,15688.855012822401,15324.676080665891,0.9767874117098495,4934961,4934963,2,200.5771484375,E:\CODEXRESEARCH\RESEARCH-1\artifacts\benchmark_runs\language\neuron_search_20260605\manual_self\screen_256_seed29_real_phase_stable_competition_neuron\result.json
screen_256_seed29_real_phase,phase_amplitude_replace_neuron,8.506423277013441,8.565095577052995,0.058672300039553704,7.055885314941406,7.099764823913574,0.04387950897216797,15688.855012822401,17056.97295454411,1.0872031732464578,4934961,4943281,8320,257.2529296875,E:\CODEXRESEARCH\RESEARCH-1\artifacts\benchmark_runs\language\neuron_search_20260605\manual_self\screen_256_seed29_real_phase_phase_amplitude_replace_neuron\result.json
screen_256_seed29_real_phase,phase_amplitude_neuron,8.506423277013441,8.565131905499626,0.05870862848618508,7.055885314941406,7.099700450897217,0.04381513595581055,15688.855012822401,15762.925599003718,1.0047212231944764,4934961,4951601,16640,200.65185546875,E:\CODEXRESEARCH\RESEARCH-1\artifacts\benchmark_runs\language\neuron_search_20260605\manual_self\screen_256_seed29_real_phase_phase_amplitude_neuron\result.json
screen_64,phase_amplitude_neuron,10.829107022752948,10.826257771136714,-0.002849251616234838,8.777229309082031,8.687536239624023,-0.08969306945800781,3179.4875671375376,2790.9054651517317,0.8777846763729784,4934961,4951601,16640,,E:\CODEXRESEARCH\RESEARCH-1\artifacts\benchmark_runs\language\neuron_search_20260605\manual_self\screen_64_phase_amplitude_neuron\result.json
screen_64,stable_competition_neuron,10.829107022752948,10.827849238526587,-0.001257784226361025,8.777229309082031,8.776633262634277,-0.0005960464477539062,3179.4875671375376,2032.3294551516774,0.6392003152197775,4934961,4934963,2,,E:\CODEXRESEARCH\RESEARCH-1\artifacts\benchmark_runs\language\neuron_search_20260605\manual_self\screen_64_stable_competition_neuron\result.json
screen_64,phase_amplitude_neutral_neuron,10.829107022752948,10.828014379389145,-0.001092643363802992,8.777229309082031,8.776702880859375,-0.00052642822265625,3179.4875671375376,2437.854138642865,0.7667443533479963,4934961,4934961,0,,E:\CODEXRESEARCH\RESEARCH-1\artifacts\benchmark_runs\language\neuron_search_20260605\manual_self\screen_64_phase_amplitude_neutral_neuron\result.json
screen_64,stable_square_neuron,10.829107022752948,10.828241757785573,-0.0008652649673752677,8.777229309082031,8.77720832824707,-2.09808349609375e-05,3179.4875671375376,1532.4278925535175,0.48197323002371345,4934961,4934962,1,,E:\CODEXRESEARCH\RESEARCH-1\artifacts\benchmark_runs\language\neuron_search_20260605\manual_self\screen_64_stable_square_neuron\result.json
screen_64,rank_competition_neuron,10.829107022752948,10.828301109987146,-0.0008059127658022192,8.777229309082031,8.77670955657959,-0.0005197525024414062,3179.4875671375376,2234.759637636124,0.7028678648515857,4934961,4934962,1,,E:\CODEXRESEARCH\RESEARCH-1\artifacts\benchmark_runs\language\neuron_search_20260605\manual_self\screen_64_rank_competition_neuron\result.json
screen_64,conv_disagreement_neuron,10.829107022752948,10.828834402794932,-0.0002726199580163069,8.777229309082031,8.777067184448242,-0.0001621246337890625,3179.4875671375376,2177.0023208915736,0.684702259380592,4934961,4934961,0,,E:\CODEXRESEARCH\RESEARCH-1\artifacts\benchmark_runs\language\neuron_search_20260605\manual_self\screen_64_conv_disagreement_neuron\result.json
