step,tokens_seen,train_loss,pure_tok_s_logged,source
600,6096000,6.4766,15050,artifacts\benchmark_runs\language\longseq_anchor16_40m_100m_20260602\logs\resume_stdout.log
700,7112000,6.4041,17301,artifacts\benchmark_runs\language\longseq_anchor16_40m_100m_20260602\logs\resume_stdout.log
800,8128000,6.4782,18515,artifacts\benchmark_runs\language\longseq_anchor16_40m_100m_20260602\logs\resume_stdout.log
900,9144000,6.4491,19253,artifacts\benchmark_runs\language\longseq_anchor16_40m_100m_20260602\logs\resume_stdout.log
1000,10160000,6.2926,17439,artifacts\benchmark_runs\language\longseq_anchor16_40m_100m_20260602\logs\resume_stdout.log
1100,11176000,6.2016,18970,artifacts\benchmark_runs\language\longseq_anchor16_40m_100m_20260602\logs\chunked_resume_stdout.log
1200,12192000,6.3781,20480,artifacts\benchmark_runs\language\longseq_anchor16_40m_100m_20260602\logs\chunked_resume_stdout.log
1300,13208000,6.0642,21960,artifacts\benchmark_runs\language\longseq_anchor16_40m_100m_20260602\logs\chunked_resume_stdout.log
1400,14224000,6.6317,23410,artifacts\benchmark_runs\language\longseq_anchor16_40m_100m_20260602\logs\chunked_resume_stdout.log
1500,15240000,5.9486,24829,artifacts\benchmark_runs\language\longseq_anchor16_40m_100m_20260602\logs\chunked_resume_stdout.log
1600,16256000,6.2614,26221,artifacts\benchmark_runs\language\longseq_anchor16_40m_100m_20260602\logs\chunked_resume_stdout.log
1700,17272000,6.2537,27586,artifacts\benchmark_runs\language\longseq_anchor16_40m_100m_20260602\logs\chunked_resume_stdout.log
1800,18288000,6.0425,28924,artifacts\benchmark_runs\language\longseq_anchor16_40m_100m_20260602\logs\chunked_resume_stdout.log
1900,19304000,6.3148,30236,artifacts\benchmark_runs\language\longseq_anchor16_40m_100m_20260602\logs\chunked_resume_stdout.log
2000,20320000,6.1069,31521,artifacts\benchmark_runs\language\longseq_anchor16_40m_100m_20260602\logs\chunked_resume_stdout.log
2100,21336000,5.9033,32784,artifacts\benchmark_runs\language\longseq_anchor16_40m_100m_20260602\logs\chunked_resume_stdout.log
2200,22352000,5.9295,34021,artifacts\benchmark_runs\language\longseq_anchor16_40m_100m_20260602\logs\chunked_resume_stdout.log
2300,23368000,6.0027,35236,artifacts\benchmark_runs\language\longseq_anchor16_40m_100m_20260602\logs\chunked_resume_stdout.log
2400,24384000,5.9317,36428,artifacts\benchmark_runs\language\longseq_anchor16_40m_100m_20260602\logs\chunked_resume_stdout.log
2500,25400000,6.5189,37597,artifacts\benchmark_runs\language\longseq_anchor16_40m_100m_20260602\logs\chunked_resume_stdout.log
2600,26416000,6.2976,38733,artifacts\benchmark_runs\language\longseq_anchor16_40m_100m_20260602\logs\chunked_resume2_stdout.log
2700,27432000,5.9938,39865,artifacts\benchmark_runs\language\longseq_anchor16_40m_100m_20260602\logs\chunked_resume2_stdout.log
2800,28448000,5.8777,40977,artifacts\benchmark_runs\language\longseq_anchor16_40m_100m_20260602\logs\chunked_resume2_stdout.log
2900,29464000,6.0147,42066,artifacts\benchmark_runs\language\longseq_anchor16_40m_100m_20260602\logs\chunked_resume2_stdout.log
3000,30480000,5.9518,43135,artifacts\benchmark_runs\language\longseq_anchor16_40m_100m_20260602\logs\chunked_resume2_stdout.log
3100,31496000,5.7638,44187,artifacts\benchmark_runs\language\longseq_anchor16_40m_100m_20260602\logs\chunked_resume2_stdout.log
3200,32512000,5.814,45220,artifacts\benchmark_runs\language\longseq_anchor16_40m_100m_20260602\logs\chunked_resume2_stdout.log
3300,33528000,5.7531,46235,artifacts\benchmark_runs\language\longseq_anchor16_40m_100m_20260602\logs\chunked_resume2_stdout.log
3400,34544000,5.9761,47235,artifacts\benchmark_runs\language\longseq_anchor16_40m_100m_20260602\logs\chunked_resume2_stdout.log
3500,35560000,5.9163,48218,artifacts\benchmark_runs\language\longseq_anchor16_40m_100m_20260602\logs\chunked_resume2_stdout.log
3600,36576000,5.8243,49183,artifacts\benchmark_runs\language\longseq_anchor16_40m_100m_20260602\logs\chunked_resume2_stdout.log
3700,37592000,5.749,50134,artifacts\benchmark_runs\language\longseq_anchor16_40m_100m_20260602\logs\chunked_resume2_stdout.log
3800,38608000,5.7706,51059,artifacts\benchmark_runs\language\longseq_anchor16_40m_100m_20260602\logs\chunked_resume2_stdout.log
3900,39624000,6.0508,51963,artifacts\benchmark_runs\language\longseq_anchor16_40m_100m_20260602\logs\chunked_resume2_stdout.log
4000,40640000,5.9697,52854,artifacts\benchmark_runs\language\longseq_anchor16_40m_100m_20260602\logs\chunked_resume2_stdout.log
4100,41656000,5.8861,53728,artifacts\benchmark_runs\language\longseq_anchor16_40m_100m_20260602\logs\chunked_resume2_stdout.log
4200,42672000,5.7594,54580,artifacts\benchmark_runs\language\longseq_anchor16_40m_100m_20260602\logs\chunked_resume2_stdout.log
4300,43688000,5.9439,55439,artifacts\benchmark_runs\language\longseq_anchor16_40m_100m_20260602\logs\chunked_resume2_stdout.log
4400,44704000,5.6024,56283,artifacts\benchmark_runs\language\longseq_anchor16_40m_100m_20260602\logs\chunked_resume2_stdout.log
4500,45720000,5.7645,57114,artifacts\benchmark_runs\language\longseq_anchor16_40m_100m_20260602\logs\chunked_resume2_stdout.log
4600,46736000,5.7436,57930,artifacts\benchmark_runs\language\longseq_anchor16_40m_100m_20260602\logs\chunked_resume2_stdout.log
4700,47752000,5.3222,58729,artifacts\benchmark_runs\language\longseq_anchor16_40m_100m_20260602\logs\chunked_resume2_stdout.log
4800,48768000,5.866,59514,artifacts\benchmark_runs\language\longseq_anchor16_40m_100m_20260602\logs\chunked_resume2_stdout.log
4900,49784000,5.7677,60283,artifacts\benchmark_runs\language\longseq_anchor16_40m_100m_20260602\logs\chunked_resume2_stdout.log
5000,50800000,5.9211,61044,artifacts\benchmark_runs\language\longseq_anchor16_40m_100m_20260602\logs\chunked_resume2_stdout.log
5100,51816000,5.9531,61779,artifacts\benchmark_runs\language\longseq_anchor16_40m_100m_20260602\logs\chunked_resume2_stdout.log
5200,52832000,5.6978,62416,artifacts\benchmark_runs\language\longseq_anchor16_40m_100m_20260602\logs\chunked_resume2_stdout.log
5300,53848000,5.8767,63144,artifacts\benchmark_runs\language\longseq_anchor16_40m_100m_20260602\logs\chunked_resume2_stdout.log
5400,54864000,5.8185,63860,artifacts\benchmark_runs\language\longseq_anchor16_40m_100m_20260602\logs\chunked_resume2_stdout.log
5500,55880000,6.1085,64568,artifacts\benchmark_runs\language\longseq_anchor16_40m_100m_20260602\logs\chunked_resume2_stdout.log
5600,56896000,5.726,65263,artifacts\benchmark_runs\language\longseq_anchor16_40m_100m_20260602\logs\chunked_resume2_stdout.log
5700,57912000,5.7128,65948,artifacts\benchmark_runs\language\longseq_anchor16_40m_100m_20260602\logs\chunked_resume2_stdout.log
5800,58928000,5.3151,66622,artifacts\benchmark_runs\language\longseq_anchor16_40m_100m_20260602\logs\chunked_resume2_stdout.log
5900,59944000,5.7549,67288,artifacts\benchmark_runs\language\longseq_anchor16_40m_100m_20260602\logs\chunked_resume2_stdout.log
6000,60960000,5.6104,67941,artifacts\benchmark_runs\language\longseq_anchor16_40m_100m_20260602\logs\chunked_resume2_stdout.log
6100,61976000,5.6045,68588,artifacts\benchmark_runs\language\longseq_anchor16_40m_100m_20260602\logs\chunked_resume2_stdout.log
6200,62992000,5.5599,69226,artifacts\benchmark_runs\language\longseq_anchor16_40m_100m_20260602\logs\chunked_resume2_stdout.log
6300,64008000,5.6106,69852,artifacts\benchmark_runs\language\longseq_anchor16_40m_100m_20260602\logs\chunked_resume2_stdout.log
6400,65024000,5.7135,70475,artifacts\benchmark_runs\language\longseq_anchor16_40m_100m_20260602\logs\chunked_resume2_stdout.log
6500,66040000,5.7355,71086,artifacts\benchmark_runs\language\longseq_anchor16_40m_100m_20260602\logs\chunked_resume2_stdout.log
6600,67056000,5.7789,71688,artifacts\benchmark_runs\language\longseq_anchor16_40m_100m_20260602\logs\chunked_resume2_stdout.log
6700,68072000,6.0865,72286,artifacts\benchmark_runs\language\longseq_anchor16_40m_100m_20260602\logs\chunked_resume2_stdout.log
6800,69088000,5.6536,72875,artifacts\benchmark_runs\language\longseq_anchor16_40m_100m_20260602\logs\chunked_resume2_stdout.log
6900,70104000,5.6597,73452,artifacts\benchmark_runs\language\longseq_anchor16_40m_100m_20260602\logs\chunked_resume2_stdout.log
7000,71120000,5.7215,74020,artifacts\benchmark_runs\language\longseq_anchor16_40m_100m_20260602\logs\chunked_resume2_stdout.log
7100,72136000,5.4097,74580,artifacts\benchmark_runs\language\longseq_anchor16_40m_100m_20260602\logs\chunked_resume2_stdout.log
7200,73152000,5.7144,75137,artifacts\benchmark_runs\language\longseq_anchor16_40m_100m_20260602\logs\chunked_resume2_stdout.log
7300,74168000,5.8784,75687,artifacts\benchmark_runs\language\longseq_anchor16_40m_100m_20260602\logs\chunked_resume2_stdout.log
7400,75184000,5.4822,76226,artifacts\benchmark_runs\language\longseq_anchor16_40m_100m_20260602\logs\chunked_resume2_stdout.log
7500,76200000,5.5134,76758,artifacts\benchmark_runs\language\longseq_anchor16_40m_100m_20260602\logs\chunked_resume2_stdout.log
7600,77216000,5.6052,77284,artifacts\benchmark_runs\language\longseq_anchor16_40m_100m_20260602\logs\chunked_resume2_stdout.log
7700,78232000,5.7311,77804,artifacts\benchmark_runs\language\longseq_anchor16_40m_100m_20260602\logs\chunked_resume2_stdout.log
7800,79248000,5.5017,78317,artifacts\benchmark_runs\language\longseq_anchor16_40m_100m_20260602\logs\chunked_resume2_stdout.log
7900,80264000,5.3776,78728,artifacts\benchmark_runs\language\longseq_anchor16_40m_100m_20260602\logs\chunked_resume2_stdout.log
8000,81280000,5.9041,79200,artifacts\benchmark_runs\language\longseq_anchor16_40m_100m_20260602\logs\chunked_resume2_stdout.log
8100,82296000,5.4253,79694,artifacts\benchmark_runs\language\longseq_anchor16_40m_100m_20260602\logs\chunked_resume2_stdout.log
8200,83312000,5.5219,80187,artifacts\benchmark_runs\language\longseq_anchor16_40m_100m_20260602\logs\chunked_resume2_stdout.log
8300,84328000,5.7091,80669,artifacts\benchmark_runs\language\longseq_anchor16_40m_100m_20260602\logs\chunked_resume2_stdout.log
8400,85344000,5.3188,81149,artifacts\benchmark_runs\language\longseq_anchor16_40m_100m_20260602\logs\chunked_resume2_stdout.log
8500,86360000,5.6846,81618,artifacts\benchmark_runs\language\longseq_anchor16_40m_100m_20260602\logs\chunked_resume2_stdout.log
8600,87376000,5.6931,82087,artifacts\benchmark_runs\language\longseq_anchor16_40m_100m_20260602\logs\chunked_resume2_stdout.log
8700,88392000,5.5161,82548,artifacts\benchmark_runs\language\longseq_anchor16_40m_100m_20260602\logs\chunked_resume2_stdout.log
8800,89408000,5.2846,83005,artifacts\benchmark_runs\language\longseq_anchor16_40m_100m_20260602\logs\chunked_resume2_stdout.log
8900,90424000,5.593,83456,artifacts\benchmark_runs\language\longseq_anchor16_40m_100m_20260602\logs\chunked_resume2_stdout.log
9000,91440000,5.2581,83903,artifacts\benchmark_runs\language\longseq_anchor16_40m_100m_20260602\logs\chunked_resume2_stdout.log
9100,92456000,5.7016,84343,artifacts\benchmark_runs\language\longseq_anchor16_40m_100m_20260602\logs\chunked_resume2_stdout.log
9200,93472000,6.0681,84779,artifacts\benchmark_runs\language\longseq_anchor16_40m_100m_20260602\logs\chunked_resume2_stdout.log
9300,94488000,5.5914,85209,artifacts\benchmark_runs\language\longseq_anchor16_40m_100m_20260602\logs\chunked_resume2_stdout.log
9400,95504000,5.0547,85631,artifacts\benchmark_runs\language\longseq_anchor16_40m_100m_20260602\logs\chunked_resume2_stdout.log
9500,96520000,5.551,86050,artifacts\benchmark_runs\language\longseq_anchor16_40m_100m_20260602\logs\chunked_resume2_stdout.log
9600,97536000,5.6714,86464,artifacts\benchmark_runs\language\longseq_anchor16_40m_100m_20260602\logs\chunked_resume2_stdout.log
9700,98552000,5.3663,86762,artifacts\benchmark_runs\language\longseq_anchor16_40m_100m_20260602\logs\chunked_resume2_stdout.log
9800,99568000,5.556,87170,artifacts\benchmark_runs\language\longseq_anchor16_40m_100m_20260602\logs\chunked_resume2_stdout.log
9843,100004880,5.8219,87344,artifacts\benchmark_runs\language\longseq_anchor16_40m_100m_20260602\logs\chunked_resume2_stdout.log
9900,100584000,5.7486,84703,artifacts\benchmark_runs\language\longseq_anchor16_40m_300m_20260602\logs\continue_200m_stdout.log
10000,101600000,5.2787,81016,artifacts\benchmark_runs\language\longseq_anchor16_40m_300m_20260602\logs\continue_200m_stdout.log
10100,102616000,5.2958,81376,artifacts\benchmark_runs\language\longseq_anchor16_40m_300m_20260602\logs\continue_200m_cpu_cache_stdout.log
10200,103632000,5.44,81772,artifacts\benchmark_runs\language\longseq_anchor16_40m_300m_20260602\logs\continue_200m_cpu_cache_stdout.log
10300,104648000,5.3323,82162,artifacts\benchmark_runs\language\longseq_anchor16_40m_300m_20260602\logs\continue_200m_cpu_cache_stdout.log
10400,105664000,5.6402,82551,artifacts\benchmark_runs\language\longseq_anchor16_40m_300m_20260602\logs\continue_200m_cpu_cache_stdout.log
10500,106680000,5.6871,82935,artifacts\benchmark_runs\language\longseq_anchor16_40m_300m_20260602\logs\continue_200m_cpu_cache_stdout.log
10600,107696000,5.768,83317,artifacts\benchmark_runs\language\longseq_anchor16_40m_300m_20260602\logs\continue_200m_cpu_cache_stdout.log
10700,108712000,5.511,83695,artifacts\benchmark_runs\language\longseq_anchor16_40m_300m_20260602\logs\continue_200m_cpu_cache_stdout.log
10800,109728000,5.478,84067,artifacts\benchmark_runs\language\longseq_anchor16_40m_300m_20260602\logs\continue_200m_cpu_cache_stdout.log
10900,110744000,5.2438,84437,artifacts\benchmark_runs\language\longseq_anchor16_40m_300m_20260602\logs\continue_200m_cpu_cache_stdout.log
11000,111760000,5.2321,84803,artifacts\benchmark_runs\language\longseq_anchor16_40m_300m_20260602\logs\continue_200m_cpu_cache_stdout.log
11100,112776000,5.4795,85167,artifacts\benchmark_runs\language\longseq_anchor16_40m_300m_20260602\logs\continue_200m_cpu_cache_stdout.log
11200,113792000,5.8016,85527,artifacts\benchmark_runs\language\longseq_anchor16_40m_300m_20260602\logs\continue_200m_cpu_cache_stdout.log
11300,114808000,5.4072,85882,artifacts\benchmark_runs\language\longseq_anchor16_40m_300m_20260602\logs\continue_200m_cpu_cache_stdout.log
11400,115824000,5.3372,86230,artifacts\benchmark_runs\language\longseq_anchor16_40m_300m_20260602\logs\continue_200m_cpu_cache_stdout.log
11500,116840000,5.2856,86569,artifacts\benchmark_runs\language\longseq_anchor16_40m_300m_20260602\logs\continue_200m_cpu_cache_stdout.log
11600,117856000,5.512,86914,artifacts\benchmark_runs\language\longseq_anchor16_40m_300m_20260602\logs\continue_200m_cpu_cache_stdout.log
11700,118872000,5.4819,87256,artifacts\benchmark_runs\language\longseq_anchor16_40m_300m_20260602\logs\continue_200m_cpu_cache_stdout.log
11800,119888000,5.4128,87573,artifacts\benchmark_runs\language\longseq_anchor16_40m_300m_20260602\logs\continue_200m_cpu_cache_stdout.log
11900,120904000,5.6035,87907,artifacts\benchmark_runs\language\longseq_anchor16_40m_300m_20260602\logs\continue_200m_cpu_cache_stdout.log
12000,121920000,5.3724,88239,artifacts\benchmark_runs\language\longseq_anchor16_40m_300m_20260602\logs\continue_200m_cpu_cache_stdout.log
12100,122936000,5.5409,88560,artifacts\benchmark_runs\language\longseq_anchor16_40m_300m_20260602\logs\continue_200m_cpu_cache_stdout.log
12200,123952000,5.7705,88879,artifacts\benchmark_runs\language\longseq_anchor16_40m_300m_20260602\logs\continue_200m_cpu_cache_stdout.log
12300,124968000,5.4702,89200,artifacts\benchmark_runs\language\longseq_anchor16_40m_300m_20260602\logs\continue_200m_cpu_cache_stdout.log
12400,125984000,5.409,89522,artifacts\benchmark_runs\language\longseq_anchor16_40m_300m_20260602\logs\continue_200m_cpu_cache_stdout.log
12500,127000000,5.3754,89837,artifacts\benchmark_runs\language\longseq_anchor16_40m_300m_20260602\logs\continue_200m_cpu_cache_stdout.log
12600,128016000,5.4237,90148,artifacts\benchmark_runs\language\longseq_anchor16_40m_300m_20260602\logs\continue_200m_cpu_cache_stdout.log
12700,129032000,5.5819,90458,artifacts\benchmark_runs\language\longseq_anchor16_40m_300m_20260602\logs\continue_200m_cpu_cache_stdout.log
12800,130048000,5.4546,90767,artifacts\benchmark_runs\language\longseq_anchor16_40m_300m_20260602\logs\continue_200m_cpu_cache_stdout.log
12900,131064000,5.5584,91072,artifacts\benchmark_runs\language\longseq_anchor16_40m_300m_20260602\logs\continue_200m_cpu_cache_stdout.log
13000,132080000,5.5219,91373,artifacts\benchmark_runs\language\longseq_anchor16_40m_300m_20260602\logs\continue_200m_cpu_cache_stdout.log
13100,133096000,5.5171,91670,artifacts\benchmark_runs\language\longseq_anchor16_40m_300m_20260602\logs\continue_200m_cpu_cache_stdout.log
13200,134112000,5.2692,91964,artifacts\benchmark_runs\language\longseq_anchor16_40m_300m_20260602\logs\continue_200m_cpu_cache_stdout.log
13300,135128000,5.4926,91966,artifacts\benchmark_runs\language\longseq_anchor16_40m_300m_20260602\logs\continue_200m_cpu_cache_stdout.log
13400,136144000,5.412,92186,artifacts\benchmark_runs\language\longseq_anchor16_40m_300m_20260602\logs\continue_200m_cpu_cache_stdout.log
13500,137160000,5.2433,92475,artifacts\benchmark_runs\language\longseq_anchor16_40m_300m_20260602\logs\continue_200m_cpu_cache_stdout.log
13600,138176000,5.1779,92749,artifacts\benchmark_runs\language\longseq_anchor16_40m_300m_20260602\logs\continue_200m_cpu_cache_stdout.log
13700,139192000,5.5133,93027,artifacts\benchmark_runs\language\longseq_anchor16_40m_300m_20260602\logs\continue_200m_cpu_cache_stdout.log
13800,140208000,5.2315,93310,artifacts\benchmark_runs\language\longseq_anchor16_40m_300m_20260602\logs\continue_200m_cpu_cache_stdout.log
13900,141224000,5.3528,93588,artifacts\benchmark_runs\language\longseq_anchor16_40m_300m_20260602\logs\continue_200m_cpu_cache_stdout.log
14000,142240000,5.5648,93864,artifacts\benchmark_runs\language\longseq_anchor16_40m_300m_20260602\logs\continue_200m_cpu_cache_stdout.log
14100,143256000,5.053,94142,artifacts\benchmark_runs\language\longseq_anchor16_40m_300m_20260602\logs\continue_200m_cpu_cache_stdout.log
14200,144272000,5.3468,94415,artifacts\benchmark_runs\language\longseq_anchor16_40m_300m_20260602\logs\continue_200m_cpu_cache_stdout.log
14300,145288000,7.189,94681,artifacts\benchmark_runs\language\longseq_anchor16_40m_300m_20260602\logs\continue_200m_cpu_cache_stdout.log
14400,146304000,5.3964,94951,artifacts\benchmark_runs\language\longseq_anchor16_40m_300m_20260602\logs\continue_200m_cpu_cache_stdout.log
14500,147320000,5.3489,95217,artifacts\benchmark_runs\language\longseq_anchor16_40m_300m_20260602\logs\continue_200m_cpu_cache_stdout.log
14600,148336000,5.533,95476,artifacts\benchmark_runs\language\longseq_anchor16_40m_300m_20260602\logs\continue_200m_cpu_cache_stdout.log
14700,149352000,5.2268,95739,artifacts\benchmark_runs\language\longseq_anchor16_40m_300m_20260602\logs\continue_200m_cpu_cache_stdout.log
14800,150368000,5.5262,95999,artifacts\benchmark_runs\language\longseq_anchor16_40m_300m_20260602\logs\continue_200m_cpu_cache_stdout.log
14900,151384000,5.2989,96259,artifacts\benchmark_runs\language\longseq_anchor16_40m_300m_20260602\logs\continue_200m_cpu_cache_stdout.log
15000,152400000,5.6727,96518,artifacts\benchmark_runs\language\longseq_anchor16_40m_300m_20260602\logs\continue_200m_cpu_cache_stdout.log
15100,153416000,5.1515,96773,artifacts\benchmark_runs\language\longseq_anchor16_40m_300m_20260602\logs\continue_200m_cpu_cache_stdout.log
15200,154432000,5.5882,97027,artifacts\benchmark_runs\language\longseq_anchor16_40m_300m_20260602\logs\continue_200m_cpu_cache_stdout.log
15300,155448000,5.5435,97278,artifacts\benchmark_runs\language\longseq_anchor16_40m_300m_20260602\logs\continue_200m_cpu_cache_stdout.log
15400,156464000,5.2733,97527,artifacts\benchmark_runs\language\longseq_anchor16_40m_300m_20260602\logs\continue_200m_cpu_cache_stdout.log
15500,157480000,5.7824,97775,artifacts\benchmark_runs\language\longseq_anchor16_40m_300m_20260602\logs\continue_200m_cpu_cache_stdout.log
15600,158496000,5.3456,98019,artifacts\benchmark_runs\language\longseq_anchor16_40m_300m_20260602\logs\continue_200m_cpu_cache_stdout.log
15700,159512000,5.501,98260,artifacts\benchmark_runs\language\longseq_anchor16_40m_300m_20260602\logs\continue_200m_cpu_cache_stdout.log
15800,160528000,5.7546,98501,artifacts\benchmark_runs\language\longseq_anchor16_40m_300m_20260602\logs\continue_200m_cpu_cache_stdout.log
15900,161544000,5.343,98739,artifacts\benchmark_runs\language\longseq_anchor16_40m_300m_20260602\logs\continue_200m_cpu_cache_stdout.log
16000,162560000,5.3184,98978,artifacts\benchmark_runs\language\longseq_anchor16_40m_300m_20260602\logs\continue_200m_cpu_cache_stdout.log
16100,163576000,5.3709,99213,artifacts\benchmark_runs\language\longseq_anchor16_40m_300m_20260602\logs\continue_200m_cpu_cache_stdout.log
16200,164592000,5.4018,99448,artifacts\benchmark_runs\language\longseq_anchor16_40m_300m_20260602\logs\continue_200m_cpu_cache_stdout.log
16300,165608000,5.5222,99681,artifacts\benchmark_runs\language\longseq_anchor16_40m_300m_20260602\logs\continue_200m_cpu_cache_stdout.log
16400,166624000,5.6052,99914,artifacts\benchmark_runs\language\longseq_anchor16_40m_300m_20260602\logs\continue_200m_cpu_cache_stdout.log
16500,167640000,5.449,100145,artifacts\benchmark_runs\language\longseq_anchor16_40m_300m_20260602\logs\continue_200m_cpu_cache_stdout.log
16600,168656000,5.3464,100370,artifacts\benchmark_runs\language\longseq_anchor16_40m_300m_20260602\logs\continue_200m_cpu_cache_stdout.log
16700,169672000,5.4177,100592,artifacts\benchmark_runs\language\longseq_anchor16_40m_300m_20260602\logs\continue_200m_cpu_cache_stdout.log
16800,170688000,5.2914,100818,artifacts\benchmark_runs\language\longseq_anchor16_40m_300m_20260602\logs\continue_200m_cpu_cache_stdout.log
16900,171704000,5.2277,101040,artifacts\benchmark_runs\language\longseq_anchor16_40m_300m_20260602\logs\continue_200m_cpu_cache_stdout.log
17000,172720000,5.3448,101260,artifacts\benchmark_runs\language\longseq_anchor16_40m_300m_20260602\logs\continue_200m_cpu_cache_stdout.log
17100,173736000,4.8283,101478,artifacts\benchmark_runs\language\longseq_anchor16_40m_300m_20260602\logs\continue_200m_cpu_cache_stdout.log
17200,174752000,4.8432,101694,artifacts\benchmark_runs\language\longseq_anchor16_40m_300m_20260602\logs\continue_200m_cpu_cache_stdout.log
17300,175768000,5.8498,101911,artifacts\benchmark_runs\language\longseq_anchor16_40m_300m_20260602\logs\continue_200m_cpu_cache_stdout.log
17400,176784000,5.1881,102126,artifacts\benchmark_runs\language\longseq_anchor16_40m_300m_20260602\logs\continue_200m_cpu_cache_stdout.log
17500,177800000,5.5069,102338,artifacts\benchmark_runs\language\longseq_anchor16_40m_300m_20260602\logs\continue_200m_cpu_cache_stdout.log
17600,178816000,5.4769,102549,artifacts\benchmark_runs\language\longseq_anchor16_40m_300m_20260602\logs\continue_200m_cpu_cache_stdout.log
17700,179832000,5.0205,102758,artifacts\benchmark_runs\language\longseq_anchor16_40m_300m_20260602\logs\continue_200m_cpu_cache_stdout.log
17800,180848000,4.9893,102966,artifacts\benchmark_runs\language\longseq_anchor16_40m_300m_20260602\logs\continue_200m_cpu_cache_stdout.log
17900,181864000,5.2324,103172,artifacts\benchmark_runs\language\longseq_anchor16_40m_300m_20260602\logs\continue_200m_cpu_cache_stdout.log
18000,182880000,5.1829,103377,artifacts\benchmark_runs\language\longseq_anchor16_40m_300m_20260602\logs\continue_200m_cpu_cache_stdout.log
18100,183896000,5.4718,103580,artifacts\benchmark_runs\language\longseq_anchor16_40m_300m_20260602\logs\continue_200m_cpu_cache_stdout.log
18200,184912000,5.2609,103783,artifacts\benchmark_runs\language\longseq_anchor16_40m_300m_20260602\logs\continue_200m_cpu_cache_stdout.log
18300,185928000,5.0325,103983,artifacts\benchmark_runs\language\longseq_anchor16_40m_300m_20260602\logs\continue_200m_cpu_cache_stdout.log
18400,186944000,5.6498,104182,artifacts\benchmark_runs\language\longseq_anchor16_40m_300m_20260602\logs\continue_200m_cpu_cache_stdout.log
18500,187960000,5.3747,104381,artifacts\benchmark_runs\language\longseq_anchor16_40m_300m_20260602\logs\continue_200m_cpu_cache_stdout.log
18600,188976000,5.5386,104577,artifacts\benchmark_runs\language\longseq_anchor16_40m_300m_20260602\logs\continue_200m_cpu_cache_stdout.log
18700,189992000,5.0356,104773,artifacts\benchmark_runs\language\longseq_anchor16_40m_300m_20260602\logs\continue_200m_cpu_cache_stdout.log
18800,191008000,5.1488,104965,artifacts\benchmark_runs\language\longseq_anchor16_40m_300m_20260602\logs\continue_200m_cpu_cache_stdout.log
18900,192024000,5.3054,105157,artifacts\benchmark_runs\language\longseq_anchor16_40m_300m_20260602\logs\continue_200m_cpu_cache_stdout.log
19000,193040000,5.204,105350,artifacts\benchmark_runs\language\longseq_anchor16_40m_300m_20260602\logs\continue_200m_cpu_cache_stdout.log
19100,194056000,5.6046,105540,artifacts\benchmark_runs\language\longseq_anchor16_40m_300m_20260602\logs\continue_200m_cpu_cache_stdout.log
19200,195072000,5.884,105730,artifacts\benchmark_runs\language\longseq_anchor16_40m_300m_20260602\logs\continue_200m_cpu_cache_stdout.log
19300,196088000,5.5307,105918,artifacts\benchmark_runs\language\longseq_anchor16_40m_300m_20260602\logs\continue_200m_cpu_cache_stdout.log
19400,197104000,5.242,106103,artifacts\benchmark_runs\language\longseq_anchor16_40m_300m_20260602\logs\continue_200m_cpu_cache_stdout.log
19500,198120000,5.1559,106289,artifacts\benchmark_runs\language\longseq_anchor16_40m_300m_20260602\logs\continue_200m_cpu_cache_stdout.log
19600,199136000,5.1696,106472,artifacts\benchmark_runs\language\longseq_anchor16_40m_300m_20260602\logs\continue_200m_cpu_cache_stdout.log
19700,200152000,5.4072,106653,artifacts\benchmark_runs\language\longseq_anchor16_40m_300m_20260602\logs\continue_200m_cpu_cache_stdout.log
19800,201168000,5.4479,106835,artifacts\benchmark_runs\language\longseq_anchor16_40m_300m_20260602\logs\continue_200m_cpu_cache_stdout.log
19900,202184000,5.4589,107015,artifacts\benchmark_runs\language\longseq_anchor16_40m_300m_20260602\logs\continue_200m_cpu_cache_stdout.log
20000,203200000,5.7538,107192,artifacts\benchmark_runs\language\longseq_anchor16_40m_300m_20260602\logs\continue_200m_cpu_cache_stdout.log
20100,204216000,5.4837,107369,artifacts\benchmark_runs\language\longseq_anchor16_40m_300m_20260602\logs\continue_200m_cpu_cache_stdout.log
20200,205232000,5.3864,107545,artifacts\benchmark_runs\language\longseq_anchor16_40m_300m_20260602\logs\continue_200m_cpu_cache_stdout.log
20300,206248000,5.4209,107720,artifacts\benchmark_runs\language\longseq_anchor16_40m_300m_20260602\logs\continue_200m_cpu_cache_stdout.log
20400,207264000,5.3021,107893,artifacts\benchmark_runs\language\longseq_anchor16_40m_300m_20260602\logs\continue_200m_cpu_cache_stdout.log
20500,208280000,5.203,108065,artifacts\benchmark_runs\language\longseq_anchor16_40m_300m_20260602\logs\continue_200m_cpu_cache_stdout.log
20600,209296000,5.2793,108235,artifacts\benchmark_runs\language\longseq_anchor16_40m_300m_20260602\logs\continue_200m_cpu_cache_stdout.log
20700,210312000,5.0898,108407,artifacts\benchmark_runs\language\longseq_anchor16_40m_300m_20260602\logs\continue_200m_cpu_cache_stdout.log
20800,211328000,5.3443,108576,artifacts\benchmark_runs\language\longseq_anchor16_40m_300m_20260602\logs\continue_200m_cpu_cache_stdout.log
20900,212344000,5.2951,108745,artifacts\benchmark_runs\language\longseq_anchor16_40m_300m_20260602\logs\continue_200m_cpu_cache_stdout.log
21000,213360000,5.3386,108913,artifacts\benchmark_runs\language\longseq_anchor16_40m_300m_20260602\logs\continue_200m_cpu_cache_stdout.log
21100,214376000,5.105,109077,artifacts\benchmark_runs\language\longseq_anchor16_40m_300m_20260602\logs\continue_200m_cpu_cache_stdout.log
21200,215392000,4.9587,109239,artifacts\benchmark_runs\language\longseq_anchor16_40m_300m_20260602\logs\continue_200m_cpu_cache_stdout.log
21300,216408000,5.3905,109400,artifacts\benchmark_runs\language\longseq_anchor16_40m_300m_20260602\logs\continue_200m_cpu_cache_stdout.log
21400,217424000,5.2536,109559,artifacts\benchmark_runs\language\longseq_anchor16_40m_300m_20260602\logs\continue_200m_cpu_cache_stdout.log
21500,218440000,5.3314,109718,artifacts\benchmark_runs\language\longseq_anchor16_40m_300m_20260602\logs\continue_200m_cpu_cache_stdout.log
21600,219456000,5.291,109878,artifacts\benchmark_runs\language\longseq_anchor16_40m_300m_20260602\logs\continue_200m_cpu_cache_stdout.log
21700,220472000,5.5997,110034,artifacts\benchmark_runs\language\longseq_anchor16_40m_300m_20260602\logs\continue_200m_cpu_cache_stdout.log
21800,221488000,5.2912,110192,artifacts\benchmark_runs\language\longseq_anchor16_40m_300m_20260602\logs\continue_200m_cpu_cache_stdout.log
21900,222504000,5.078,110346,artifacts\benchmark_runs\language\longseq_anchor16_40m_300m_20260602\logs\continue_200m_cpu_cache_stdout.log
22000,223520000,4.7918,110499,artifacts\benchmark_runs\language\longseq_anchor16_40m_300m_20260602\logs\continue_200m_cpu_cache_stdout.log
22100,224536000,5.1597,110651,artifacts\benchmark_runs\language\longseq_anchor16_40m_300m_20260602\logs\continue_200m_cpu_cache_stdout.log
22200,225552000,5.1735,110803,artifacts\benchmark_runs\language\longseq_anchor16_40m_300m_20260602\logs\continue_200m_cpu_cache_stdout.log
22300,226568000,5.1481,110954,artifacts\benchmark_runs\language\longseq_anchor16_40m_300m_20260602\logs\continue_200m_cpu_cache_stdout.log
22400,227584000,5.3354,111105,artifacts\benchmark_runs\language\longseq_anchor16_40m_300m_20260602\logs\continue_200m_cpu_cache_stdout.log
22500,228600000,5.1468,111256,artifacts\benchmark_runs\language\longseq_anchor16_40m_300m_20260602\logs\continue_200m_cpu_cache_stdout.log
22600,229616000,5.2154,111405,artifacts\benchmark_runs\language\longseq_anchor16_40m_300m_20260602\logs\continue_200m_cpu_cache_stdout.log
22700,230632000,5.4293,111552,artifacts\benchmark_runs\language\longseq_anchor16_40m_300m_20260602\logs\continue_200m_cpu_cache_stdout.log
22800,231648000,5.378,111700,artifacts\benchmark_runs\language\longseq_anchor16_40m_300m_20260602\logs\continue_200m_cpu_cache_stdout.log
22900,232664000,5.1302,111847,artifacts\benchmark_runs\language\longseq_anchor16_40m_300m_20260602\logs\continue_200m_cpu_cache_stdout.log
23000,233680000,5.4165,111992,artifacts\benchmark_runs\language\longseq_anchor16_40m_300m_20260602\logs\continue_200m_cpu_cache_stdout.log
23100,234696000,5.2458,112133,artifacts\benchmark_runs\language\longseq_anchor16_40m_300m_20260602\logs\continue_200m_cpu_cache_stdout.log
23200,235712000,5.5228,112277,artifacts\benchmark_runs\language\longseq_anchor16_40m_300m_20260602\logs\continue_200m_cpu_cache_stdout.log
23300,236728000,5.2856,112422,artifacts\benchmark_runs\language\longseq_anchor16_40m_300m_20260602\logs\continue_200m_cpu_cache_stdout.log
23400,237744000,5.2176,112563,artifacts\benchmark_runs\language\longseq_anchor16_40m_300m_20260602\logs\continue_200m_cpu_cache_stdout.log
23500,238760000,5.1765,112704,artifacts\benchmark_runs\language\longseq_anchor16_40m_300m_20260602\logs\continue_200m_cpu_cache_stdout.log
23600,239776000,5.3067,112844,artifacts\benchmark_runs\language\longseq_anchor16_40m_300m_20260602\logs\continue_200m_cpu_cache_stdout.log
23700,240792000,5.2303,112986,artifacts\benchmark_runs\language\longseq_anchor16_40m_300m_20260602\logs\continue_200m_cpu_cache_stdout.log
23800,241808000,4.8789,113123,artifacts\benchmark_runs\language\longseq_anchor16_40m_300m_20260602\logs\continue_200m_cpu_cache_stdout.log
23900,242824000,5.1417,113259,artifacts\benchmark_runs\language\longseq_anchor16_40m_300m_20260602\logs\continue_200m_cpu_cache_stdout.log
24000,243840000,5.3919,113393,artifacts\benchmark_runs\language\longseq_anchor16_40m_300m_20260602\logs\continue_200m_cpu_cache_stdout.log
24100,244856000,5.7036,113530,artifacts\benchmark_runs\language\longseq_anchor16_40m_300m_20260602\logs\continue_200m_cpu_cache_stdout.log
24200,245872000,5.1399,113662,artifacts\benchmark_runs\language\longseq_anchor16_40m_300m_20260602\logs\continue_200m_cpu_cache_stdout.log
24300,246888000,5.1396,113797,artifacts\benchmark_runs\language\longseq_anchor16_40m_300m_20260602\logs\continue_200m_cpu_cache_stdout.log
24400,247904000,5.3383,113929,artifacts\benchmark_runs\language\longseq_anchor16_40m_300m_20260602\logs\continue_200m_cpu_cache_stdout.log
24500,248920000,5.1365,114062,artifacts\benchmark_runs\language\longseq_anchor16_40m_300m_20260602\logs\continue_200m_cpu_cache_stdout.log
24600,249936000,5.1141,114194,artifacts\benchmark_runs\language\longseq_anchor16_40m_300m_20260602\logs\continue_200m_cpu_cache_stdout.log
24700,250952000,5.203,114325,artifacts\benchmark_runs\language\longseq_anchor16_40m_300m_20260602\logs\continue_200m_cpu_cache_stdout.log
24800,251968000,5.2813,114456,artifacts\benchmark_runs\language\longseq_anchor16_40m_300m_20260602\logs\continue_200m_cpu_cache_stdout.log
24900,252984000,5.1703,114585,artifacts\benchmark_runs\language\longseq_anchor16_40m_300m_20260602\logs\continue_200m_cpu_cache_stdout.log
25000,254000000,5.0648,114716,artifacts\benchmark_runs\language\longseq_anchor16_40m_300m_20260602\logs\continue_200m_cpu_cache_stdout.log
25100,255016000,5.4176,114844,artifacts\benchmark_runs\language\longseq_anchor16_40m_300m_20260602\logs\continue_200m_cpu_cache_stdout.log
25200,256032000,5.2165,114971,artifacts\benchmark_runs\language\longseq_anchor16_40m_300m_20260602\logs\continue_200m_cpu_cache_stdout.log
25300,257048000,5.0636,115099,artifacts\benchmark_runs\language\longseq_anchor16_40m_300m_20260602\logs\continue_200m_cpu_cache_stdout.log
25400,258064000,5.3272,115226,artifacts\benchmark_runs\language\longseq_anchor16_40m_300m_20260602\logs\continue_200m_cpu_cache_stdout.log
25500,259080000,5.6552,115353,artifacts\benchmark_runs\language\longseq_anchor16_40m_300m_20260602\logs\continue_200m_cpu_cache_stdout.log
25600,260096000,5.1184,115476,artifacts\benchmark_runs\language\longseq_anchor16_40m_300m_20260602\logs\continue_200m_cpu_cache_stdout.log
25700,261112000,5.618,115601,artifacts\benchmark_runs\language\longseq_anchor16_40m_300m_20260602\logs\continue_200m_cpu_cache_stdout.log
25800,262128000,5.1689,115724,artifacts\benchmark_runs\language\longseq_anchor16_40m_300m_20260602\logs\continue_200m_cpu_cache_stdout.log
25900,263144000,5.2166,115848,artifacts\benchmark_runs\language\longseq_anchor16_40m_300m_20260602\logs\continue_200m_cpu_cache_stdout.log
26000,264160000,5.3764,115970,artifacts\benchmark_runs\language\longseq_anchor16_40m_300m_20260602\logs\continue_200m_cpu_cache_stdout.log
26100,265176000,5.1504,116091,artifacts\benchmark_runs\language\longseq_anchor16_40m_300m_20260602\logs\continue_200m_cpu_cache_stdout.log
26200,266192000,5.0462,116211,artifacts\benchmark_runs\language\longseq_anchor16_40m_300m_20260602\logs\continue_200m_cpu_cache_stdout.log
26300,267208000,5.3838,116330,artifacts\benchmark_runs\language\longseq_anchor16_40m_300m_20260602\logs\continue_200m_cpu_cache_stdout.log
26400,268224000,5.1379,116450,artifacts\benchmark_runs\language\longseq_anchor16_40m_300m_20260602\logs\continue_200m_cpu_cache_stdout.log
26500,269240000,5.0518,116569,artifacts\benchmark_runs\language\longseq_anchor16_40m_300m_20260602\logs\continue_200m_cpu_cache_stdout.log
26600,270256000,5.4995,116685,artifacts\benchmark_runs\language\longseq_anchor16_40m_300m_20260602\logs\continue_200m_cpu_cache_stdout.log
26700,271272000,5.3127,116802,artifacts\benchmark_runs\language\longseq_anchor16_40m_300m_20260602\logs\continue_200m_cpu_cache_stdout.log
26800,272288000,5.1682,116921,artifacts\benchmark_runs\language\longseq_anchor16_40m_300m_20260602\logs\continue_200m_cpu_cache_stdout.log
26900,273304000,5.1809,117037,artifacts\benchmark_runs\language\longseq_anchor16_40m_300m_20260602\logs\continue_200m_cpu_cache_stdout.log
27000,274320000,4.9885,117153,artifacts\benchmark_runs\language\longseq_anchor16_40m_300m_20260602\logs\continue_200m_cpu_cache_stdout.log
27100,275336000,5.0809,117267,artifacts\benchmark_runs\language\longseq_anchor16_40m_300m_20260602\logs\continue_200m_cpu_cache_stdout.log
27200,276352000,5.1034,117383,artifacts\benchmark_runs\language\longseq_anchor16_40m_300m_20260602\logs\continue_200m_cpu_cache_stdout.log
27300,277368000,5.2758,117497,artifacts\benchmark_runs\language\longseq_anchor16_40m_300m_20260602\logs\continue_200m_cpu_cache_stdout.log
27400,278384000,5.4028,117611,artifacts\benchmark_runs\language\longseq_anchor16_40m_300m_20260602\logs\continue_200m_cpu_cache_stdout.log
27500,279400000,5.8431,117722,artifacts\benchmark_runs\language\longseq_anchor16_40m_300m_20260602\logs\continue_200m_cpu_cache_stdout.log
27600,280416000,5.3793,117835,artifacts\benchmark_runs\language\longseq_anchor16_40m_300m_20260602\logs\continue_200m_cpu_cache_stdout.log
27700,281432000,5.6898,117946,artifacts\benchmark_runs\language\longseq_anchor16_40m_300m_20260602\logs\continue_200m_cpu_cache_stdout.log
27800,282448000,5.2286,118058,artifacts\benchmark_runs\language\longseq_anchor16_40m_300m_20260602\logs\continue_200m_cpu_cache_stdout.log
27900,283464000,5.2589,118168,artifacts\benchmark_runs\language\longseq_anchor16_40m_300m_20260602\logs\continue_200m_cpu_cache_stdout.log
28000,284480000,4.92,118279,artifacts\benchmark_runs\language\longseq_anchor16_40m_300m_20260602\logs\continue_200m_cpu_cache_stdout.log
28100,285496000,5.3066,118388,artifacts\benchmark_runs\language\longseq_anchor16_40m_300m_20260602\logs\continue_200m_cpu_cache_stdout.log
28200,286512000,5.0612,118495,artifacts\benchmark_runs\language\longseq_anchor16_40m_300m_20260602\logs\continue_200m_cpu_cache_stdout.log
28300,287528000,5.1607,118603,artifacts\benchmark_runs\language\longseq_anchor16_40m_300m_20260602\logs\continue_200m_cpu_cache_stdout.log
28400,288544000,5.0931,118709,artifacts\benchmark_runs\language\longseq_anchor16_40m_300m_20260602\logs\continue_200m_cpu_cache_stdout.log
28500,289560000,5.1988,118817,artifacts\benchmark_runs\language\longseq_anchor16_40m_300m_20260602\logs\continue_200m_cpu_cache_stdout.log
28600,290576000,5.22,118922,artifacts\benchmark_runs\language\longseq_anchor16_40m_300m_20260602\logs\continue_200m_cpu_cache_stdout.log
28700,291592000,5.2175,119027,artifacts\benchmark_runs\language\longseq_anchor16_40m_300m_20260602\logs\continue_200m_cpu_cache_stdout.log
28800,292608000,5.1433,119133,artifacts\benchmark_runs\language\longseq_anchor16_40m_300m_20260602\logs\continue_200m_cpu_cache_stdout.log
28900,293624000,4.9664,119239,artifacts\benchmark_runs\language\longseq_anchor16_40m_300m_20260602\logs\continue_200m_cpu_cache_stdout.log
29000,294640000,5.3473,119344,artifacts\benchmark_runs\language\longseq_anchor16_40m_300m_20260602\logs\continue_200m_cpu_cache_stdout.log
29100,295656000,5.3702,119448,artifacts\benchmark_runs\language\longseq_anchor16_40m_300m_20260602\logs\continue_200m_cpu_cache_stdout.log
29200,296672000,5.5843,119548,artifacts\benchmark_runs\language\longseq_anchor16_40m_300m_20260602\logs\continue_200m_cpu_cache_stdout.log
29300,297688000,5.1303,119651,artifacts\benchmark_runs\language\longseq_anchor16_40m_300m_20260602\logs\continue_200m_cpu_cache_stdout.log
29400,298704000,5.2723,119752,artifacts\benchmark_runs\language\longseq_anchor16_40m_300m_20260602\logs\continue_200m_cpu_cache_stdout.log
29500,299720000,4.9648,119854,artifacts\benchmark_runs\language\longseq_anchor16_40m_300m_20260602\logs\continue_200m_cpu_cache_stdout.log
29529,300014640,5.0636,119882,artifacts\benchmark_runs\language\longseq_anchor16_40m_300m_20260602\logs\continue_200m_cpu_cache_stdout.log
29600,300736000,5.2299,119937,artifacts\benchmark_runs\language\longseq_anchor16_40m_600m_20260602\logs\continue_300m_view_cpu_stdout.log
29700,301752000,5.2325,120043,artifacts\benchmark_runs\language\longseq_anchor16_40m_600m_20260602\logs\continue_300m_view_cpu_stdout.log
29800,302768000,5.1856,120144,artifacts\benchmark_runs\language\longseq_anchor16_40m_600m_20260602\logs\continue_300m_view_cpu_stdout.log
29900,303784000,5.2121,120230,artifacts\benchmark_runs\language\longseq_anchor16_40m_600m_20260602\logs\continue_300m_view_cpu_stdout.log
30000,304800000,5.2504,120312,artifacts\benchmark_runs\language\longseq_anchor16_40m_600m_20260602\logs\continue_300m_view_cpu_stdout.log
30100,305816000,4.8919,120415,artifacts\benchmark_runs\language\longseq_anchor16_40m_600m_20260602\logs\continue_300m_view_cpu_stdout.log
30200,306832000,5.0192,120516,artifacts\benchmark_runs\language\longseq_anchor16_40m_600m_20260602\logs\continue_300m_view_cpu_stdout.log
30300,307848000,5.1094,120618,artifacts\benchmark_runs\language\longseq_anchor16_40m_600m_20260602\logs\continue_300m_view_cpu_stdout.log
30400,308864000,5.2702,120718,artifacts\benchmark_runs\language\longseq_anchor16_40m_600m_20260602\logs\continue_300m_view_cpu_stdout.log
30500,309880000,4.7338,120816,artifacts\benchmark_runs\language\longseq_anchor16_40m_600m_20260602\logs\continue_300m_view_cpu_stdout.log
30600,310896000,5.1352,120914,artifacts\benchmark_runs\language\longseq_anchor16_40m_600m_20260602\logs\continue_300m_view_cpu_stdout.log
30700,311912000,4.8957,121013,artifacts\benchmark_runs\language\longseq_anchor16_40m_600m_20260602\logs\continue_300m_view_cpu_stdout.log
30800,312928000,5.3319,121113,artifacts\benchmark_runs\language\longseq_anchor16_40m_600m_20260602\logs\continue_300m_view_cpu_stdout.log
30900,313944000,5.1943,121211,artifacts\benchmark_runs\language\longseq_anchor16_40m_600m_20260602\logs\continue_300m_view_cpu_stdout.log
31000,314960000,5.2307,121307,artifacts\benchmark_runs\language\longseq_anchor16_40m_600m_20260602\logs\continue_300m_view_cpu_stdout.log
31100,315976000,5.0609,121404,artifacts\benchmark_runs\language\longseq_anchor16_40m_600m_20260602\logs\continue_300m_view_cpu_stdout.log
31200,316992000,5.0287,121502,artifacts\benchmark_runs\language\longseq_anchor16_40m_600m_20260602\logs\continue_300m_view_cpu_stdout.log
31300,318008000,5.0103,121597,artifacts\benchmark_runs\language\longseq_anchor16_40m_600m_20260602\logs\continue_300m_view_cpu_stdout.log
31400,319024000,5.0255,121692,artifacts\benchmark_runs\language\longseq_anchor16_40m_600m_20260602\logs\continue_300m_view_cpu_stdout.log
31500,320040000,4.9395,121786,artifacts\benchmark_runs\language\longseq_anchor16_40m_600m_20260602\logs\continue_300m_view_cpu_stdout.log
31600,321056000,5.1912,121881,artifacts\benchmark_runs\language\longseq_anchor16_40m_600m_20260602\logs\continue_300m_view_cpu_stdout.log
31700,322072000,5.2588,121973,artifacts\benchmark_runs\language\longseq_anchor16_40m_600m_20260602\logs\continue_300m_view_cpu_stdout.log
31800,323088000,5.3828,122065,artifacts\benchmark_runs\language\longseq_anchor16_40m_600m_20260602\logs\continue_300m_view_cpu_stdout.log
31900,324104000,5.1105,122158,artifacts\benchmark_runs\language\longseq_anchor16_40m_600m_20260602\logs\continue_300m_view_cpu_stdout.log
32000,325120000,4.9551,122248,artifacts\benchmark_runs\language\longseq_anchor16_40m_600m_20260602\logs\continue_300m_view_cpu_stdout.log
32100,326136000,5.1006,122339,artifacts\benchmark_runs\language\longseq_anchor16_40m_600m_20260602\logs\continue_300m_view_cpu_stdout.log
32200,327152000,5.5407,122430,artifacts\benchmark_runs\language\longseq_anchor16_40m_600m_20260602\logs\continue_300m_view_cpu_stdout.log
32300,328168000,4.947,122520,artifacts\benchmark_runs\language\longseq_anchor16_40m_600m_20260602\logs\continue_300m_view_cpu_stdout.log
32400,329184000,5.1247,122611,artifacts\benchmark_runs\language\longseq_anchor16_40m_600m_20260602\logs\continue_300m_view_cpu_stdout.log
32500,330200000,5.2018,122701,artifacts\benchmark_runs\language\longseq_anchor16_40m_600m_20260602\logs\continue_300m_view_cpu_stdout.log
32600,331216000,5.3612,122791,artifacts\benchmark_runs\language\longseq_anchor16_40m_600m_20260602\logs\continue_300m_view_cpu_stdout.log
32700,332232000,5.5743,122880,artifacts\benchmark_runs\language\longseq_anchor16_40m_600m_20260602\logs\continue_300m_view_cpu_stdout.log
32800,333248000,5.1207,122969,artifacts\benchmark_runs\language\longseq_anchor16_40m_600m_20260602\logs\continue_300m_view_cpu_stdout.log
32900,334264000,5.0811,123058,artifacts\benchmark_runs\language\longseq_anchor16_40m_600m_20260602\logs\continue_300m_view_cpu_stdout.log
33000,335280000,5.2726,123146,artifacts\benchmark_runs\language\longseq_anchor16_40m_600m_20260602\logs\continue_300m_view_cpu_stdout.log
33100,336296000,4.9846,123231,artifacts\benchmark_runs\language\longseq_anchor16_40m_600m_20260602\logs\continue_300m_view_cpu_stdout.log
33200,337312000,5.2137,123318,artifacts\benchmark_runs\language\longseq_anchor16_40m_600m_20260602\logs\continue_300m_view_cpu_stdout.log
33300,338328000,4.8428,123404,artifacts\benchmark_runs\language\longseq_anchor16_40m_600m_20260602\logs\continue_300m_view_cpu_stdout.log
33400,339344000,5.3476,123491,artifacts\benchmark_runs\language\longseq_anchor16_40m_600m_20260602\logs\continue_300m_view_cpu_stdout.log
33500,340360000,5.1953,123577,artifacts\benchmark_runs\language\longseq_anchor16_40m_600m_20260602\logs\continue_300m_view_cpu_stdout.log
33600,341376000,5.0797,123662,artifacts\benchmark_runs\language\longseq_anchor16_40m_600m_20260602\logs\continue_300m_view_cpu_stdout.log
33700,342392000,5.0075,123746,artifacts\benchmark_runs\language\longseq_anchor16_40m_600m_20260602\logs\continue_300m_view_cpu_stdout.log
33800,343408000,5.0345,123831,artifacts\benchmark_runs\language\longseq_anchor16_40m_600m_20260602\logs\continue_300m_view_cpu_stdout.log
33900,344424000,5.4575,123916,artifacts\benchmark_runs\language\longseq_anchor16_40m_600m_20260602\logs\continue_300m_view_cpu_stdout.log
34000,345440000,5.0191,124000,artifacts\benchmark_runs\language\longseq_anchor16_40m_600m_20260602\logs\continue_300m_view_cpu_stdout.log
34100,346456000,5.2848,124082,artifacts\benchmark_runs\language\longseq_anchor16_40m_600m_20260602\logs\continue_300m_view_cpu_stdout.log
34200,347472000,5.3558,124163,artifacts\benchmark_runs\language\longseq_anchor16_40m_600m_20260602\logs\continue_300m_view_cpu_stdout.log
34300,348488000,5.3339,124244,artifacts\benchmark_runs\language\longseq_anchor16_40m_600m_20260602\logs\continue_300m_view_cpu_stdout.log
34400,349504000,4.7113,124327,artifacts\benchmark_runs\language\longseq_anchor16_40m_600m_20260602\logs\continue_300m_view_cpu_stdout.log
34500,350520000,4.625,124409,artifacts\benchmark_runs\language\longseq_anchor16_40m_600m_20260602\logs\continue_300m_view_cpu_stdout.log
34600,351536000,5.1133,124491,artifacts\benchmark_runs\language\longseq_anchor16_40m_600m_20260602\logs\continue_300m_view_cpu_stdout.log
34700,352552000,5.2667,124571,artifacts\benchmark_runs\language\longseq_anchor16_40m_600m_20260602\logs\continue_300m_view_cpu_stdout.log
34800,353568000,5.1954,124653,artifacts\benchmark_runs\language\longseq_anchor16_40m_600m_20260602\logs\continue_300m_view_cpu_stdout.log
34900,354584000,5.2057,124734,artifacts\benchmark_runs\language\longseq_anchor16_40m_600m_20260602\logs\continue_300m_view_cpu_stdout.log
35000,355600000,4.848,124815,artifacts\benchmark_runs\language\longseq_anchor16_40m_600m_20260602\logs\continue_300m_view_cpu_stdout.log
35100,356616000,4.9832,124895,artifacts\benchmark_runs\language\longseq_anchor16_40m_600m_20260602\logs\continue_300m_view_cpu_stdout.log
35200,357632000,5.352,124974,artifacts\benchmark_runs\language\longseq_anchor16_40m_600m_20260602\logs\continue_300m_view_cpu_stdout.log
35300,358648000,5.2167,125053,artifacts\benchmark_runs\language\longseq_anchor16_40m_600m_20260602\logs\continue_300m_view_cpu_stdout.log
35400,359664000,5.3369,125130,artifacts\benchmark_runs\language\longseq_anchor16_40m_600m_20260602\logs\continue_300m_view_cpu_stdout.log
35500,360680000,6.2349,125208,artifacts\benchmark_runs\language\longseq_anchor16_40m_600m_20260602\logs\continue_300m_view_cpu_stdout.log
35600,361696000,5.2084,125285,artifacts\benchmark_runs\language\longseq_anchor16_40m_600m_20260602\logs\continue_300m_view_cpu_stdout.log
35700,362712000,4.9838,125362,artifacts\benchmark_runs\language\longseq_anchor16_40m_600m_20260602\logs\continue_300m_view_cpu_stdout.log
35800,363728000,5.0856,125439,artifacts\benchmark_runs\language\longseq_anchor16_40m_600m_20260602\logs\continue_300m_view_cpu_stdout.log
35900,364744000,5.3538,125517,artifacts\benchmark_runs\language\longseq_anchor16_40m_600m_20260602\logs\continue_300m_view_cpu_stdout.log
36000,365760000,5.1796,125593,artifacts\benchmark_runs\language\longseq_anchor16_40m_600m_20260602\logs\continue_300m_view_cpu_stdout.log
36100,366776000,5.2587,125670,artifacts\benchmark_runs\language\longseq_anchor16_40m_600m_20260602\logs\continue_300m_view_cpu_stdout.log
36200,367792000,5.1101,125744,artifacts\benchmark_runs\language\longseq_anchor16_40m_600m_20260602\logs\continue_300m_view_cpu_stdout.log
36300,368808000,5.1746,125820,artifacts\benchmark_runs\language\longseq_anchor16_40m_600m_20260602\logs\continue_300m_view_cpu_stdout.log
36400,369824000,5.028,125895,artifacts\benchmark_runs\language\longseq_anchor16_40m_600m_20260602\logs\continue_300m_view_cpu_stdout.log
36500,370840000,5.4611,125970,artifacts\benchmark_runs\language\longseq_anchor16_40m_600m_20260602\logs\continue_300m_view_cpu_stdout.log
36600,371856000,5.091,126044,artifacts\benchmark_runs\language\longseq_anchor16_40m_600m_20260602\logs\continue_300m_view_cpu_stdout.log
36700,372872000,5.0129,126117,artifacts\benchmark_runs\language\longseq_anchor16_40m_600m_20260602\logs\continue_300m_view_cpu_stdout.log
36800,373888000,4.9721,126192,artifacts\benchmark_runs\language\longseq_anchor16_40m_600m_20260602\logs\continue_300m_view_cpu_stdout.log
36900,374904000,5.1643,126266,artifacts\benchmark_runs\language\longseq_anchor16_40m_600m_20260602\logs\continue_300m_view_cpu_stdout.log
37000,375920000,5.0667,126341,artifacts\benchmark_runs\language\longseq_anchor16_40m_600m_20260602\logs\continue_300m_view_cpu_stdout.log
37100,376936000,4.9846,126414,artifacts\benchmark_runs\language\longseq_anchor16_40m_600m_20260602\logs\continue_300m_view_cpu_stdout.log
37200,377952000,4.8573,126487,artifacts\benchmark_runs\language\longseq_anchor16_40m_600m_20260602\logs\continue_300m_view_cpu_stdout.log
37300,378968000,5.4531,126558,artifacts\benchmark_runs\language\longseq_anchor16_40m_600m_20260602\logs\continue_300m_view_cpu_stdout.log
37400,379984000,5.1248,126631,artifacts\benchmark_runs\language\longseq_anchor16_40m_600m_20260602\logs\continue_300m_view_cpu_stdout.log
37500,381000000,4.9771,126702,artifacts\benchmark_runs\language\longseq_anchor16_40m_600m_20260602\logs\continue_300m_view_cpu_stdout.log
37600,382016000,4.7869,126774,artifacts\benchmark_runs\language\longseq_anchor16_40m_600m_20260602\logs\continue_300m_view_cpu_stdout.log
37700,383032000,5.2539,126846,artifacts\benchmark_runs\language\longseq_anchor16_40m_600m_20260602\logs\continue_300m_view_cpu_stdout.log
37800,384048000,4.9766,126917,artifacts\benchmark_runs\language\longseq_anchor16_40m_600m_20260602\logs\continue_300m_view_cpu_stdout.log
37900,385064000,5.0587,126988,artifacts\benchmark_runs\language\longseq_anchor16_40m_600m_20260602\logs\continue_300m_view_cpu_stdout.log
38000,386080000,4.8031,127059,artifacts\benchmark_runs\language\longseq_anchor16_40m_600m_20260602\logs\continue_300m_view_cpu_stdout.log
38100,387096000,5.3705,127129,artifacts\benchmark_runs\language\longseq_anchor16_40m_600m_20260602\logs\continue_300m_view_cpu_stdout.log
38200,388112000,5.0041,127199,artifacts\benchmark_runs\language\longseq_anchor16_40m_600m_20260602\logs\continue_300m_view_cpu_stdout.log
38300,389128000,4.6959,127269,artifacts\benchmark_runs\language\longseq_anchor16_40m_600m_20260602\logs\continue_300m_view_cpu_stdout.log
38400,390144000,4.9452,127337,artifacts\benchmark_runs\language\longseq_anchor16_40m_600m_20260602\logs\continue_300m_view_cpu_stdout.log
38500,391160000,5.3757,127407,artifacts\benchmark_runs\language\longseq_anchor16_40m_600m_20260602\logs\continue_300m_view_cpu_stdout.log
38600,392176000,5.0737,127475,artifacts\benchmark_runs\language\longseq_anchor16_40m_600m_20260602\logs\continue_300m_view_cpu_stdout.log
38700,393192000,5.1243,127544,artifacts\benchmark_runs\language\longseq_anchor16_40m_600m_20260602\logs\continue_300m_view_cpu_stdout.log
38800,394208000,5.2393,127612,artifacts\benchmark_runs\language\longseq_anchor16_40m_600m_20260602\logs\continue_300m_view_cpu_stdout.log
38900,395224000,4.9477,127681,artifacts\benchmark_runs\language\longseq_anchor16_40m_600m_20260602\logs\continue_300m_view_cpu_stdout.log
39000,396240000,4.9368,127750,artifacts\benchmark_runs\language\longseq_anchor16_40m_600m_20260602\logs\continue_300m_view_cpu_stdout.log
39100,397256000,4.6116,127815,artifacts\benchmark_runs\language\longseq_anchor16_40m_600m_20260602\logs\continue_300m_view_cpu_stdout.log
39200,398272000,5.1436,127882,artifacts\benchmark_runs\language\longseq_anchor16_40m_600m_20260602\logs\continue_300m_view_cpu_stdout.log
39300,399288000,5.2318,127946,artifacts\benchmark_runs\language\longseq_anchor16_40m_600m_20260602\logs\continue_300m_view_cpu_stdout.log
39400,400304000,5.1101,128010,artifacts\benchmark_runs\language\longseq_anchor16_40m_600m_20260602\logs\continue_300m_view_cpu_stdout.log
39500,401320000,5.2685,128077,artifacts\benchmark_runs\language\longseq_anchor16_40m_600m_20260602\logs\continue_300m_view_cpu_stdout.log
39600,402336000,5.1592,128143,artifacts\benchmark_runs\language\longseq_anchor16_40m_600m_20260602\logs\continue_300m_view_cpu_stdout.log
39700,403352000,4.9376,128207,artifacts\benchmark_runs\language\longseq_anchor16_40m_600m_20260602\logs\continue_300m_view_cpu_stdout.log
39800,404368000,5.4272,128274,artifacts\benchmark_runs\language\longseq_anchor16_40m_600m_20260602\logs\continue_300m_view_cpu_stdout.log
39900,405384000,5.3255,128340,artifacts\benchmark_runs\language\longseq_anchor16_40m_600m_20260602\logs\continue_300m_view_cpu_stdout.log
40000,406400000,5.2233,128405,artifacts\benchmark_runs\language\longseq_anchor16_40m_600m_20260602\logs\continue_300m_view_cpu_stdout.log
40100,407416000,5.2543,128469,artifacts\benchmark_runs\language\longseq_anchor16_40m_600m_20260602\logs\continue_300m_view_cpu_stdout.log
40200,408432000,5.3049,128533,artifacts\benchmark_runs\language\longseq_anchor16_40m_600m_20260602\logs\continue_300m_view_cpu_stdout.log
40300,409448000,4.9254,128598,artifacts\benchmark_runs\language\longseq_anchor16_40m_600m_20260602\logs\continue_300m_view_cpu_stdout.log
40400,410464000,4.7678,128663,artifacts\benchmark_runs\language\longseq_anchor16_40m_600m_20260602\logs\continue_300m_view_cpu_stdout.log
40500,411480000,4.8733,128725,artifacts\benchmark_runs\language\longseq_anchor16_40m_600m_20260602\logs\continue_300m_view_cpu_stdout.log
40600,412496000,4.9866,128789,artifacts\benchmark_runs\language\longseq_anchor16_40m_600m_20260602\logs\continue_300m_view_cpu_stdout.log
40700,413512000,5.3167,128852,artifacts\benchmark_runs\language\longseq_anchor16_40m_600m_20260602\logs\continue_300m_view_cpu_stdout.log
40800,414528000,5.5396,128914,artifacts\benchmark_runs\language\longseq_anchor16_40m_600m_20260602\logs\continue_300m_view_cpu_stdout.log
40900,415544000,4.7346,128976,artifacts\benchmark_runs\language\longseq_anchor16_40m_600m_20260602\logs\continue_300m_view_cpu_stdout.log
41000,416560000,5.2431,129038,artifacts\benchmark_runs\language\longseq_anchor16_40m_600m_20260602\logs\continue_300m_view_cpu_stdout.log
41100,417576000,5.0543,129100,artifacts\benchmark_runs\language\longseq_anchor16_40m_600m_20260602\logs\continue_300m_view_cpu_stdout.log
41200,418592000,5.1957,129162,artifacts\benchmark_runs\language\longseq_anchor16_40m_600m_20260602\logs\continue_300m_view_cpu_stdout.log
41300,419608000,5.2549,129224,artifacts\benchmark_runs\language\longseq_anchor16_40m_600m_20260602\logs\continue_300m_view_cpu_stdout.log
41400,420624000,5.4477,129286,artifacts\benchmark_runs\language\longseq_anchor16_40m_600m_20260602\logs\continue_300m_view_cpu_stdout.log
41500,421640000,5.1024,129347,artifacts\benchmark_runs\language\longseq_anchor16_40m_600m_20260602\logs\continue_300m_view_cpu_stdout.log
41600,422656000,4.7516,129409,artifacts\benchmark_runs\language\longseq_anchor16_40m_600m_20260602\logs\continue_300m_view_cpu_stdout.log
41700,423672000,5.0981,129468,artifacts\benchmark_runs\language\longseq_anchor16_40m_600m_20260602\logs\continue_300m_view_cpu_stdout.log
41800,424688000,5.1748,129530,artifacts\benchmark_runs\language\longseq_anchor16_40m_600m_20260602\logs\continue_300m_view_cpu_stdout.log
41900,425704000,5.1456,129590,artifacts\benchmark_runs\language\longseq_anchor16_40m_600m_20260602\logs\continue_300m_view_cpu_stdout.log
42000,426720000,5.0988,129651,artifacts\benchmark_runs\language\longseq_anchor16_40m_600m_20260602\logs\continue_300m_view_cpu_stdout.log
42100,427736000,4.9139,129711,artifacts\benchmark_runs\language\longseq_anchor16_40m_600m_20260602\logs\continue_300m_view_cpu_stdout.log
42200,428752000,5.6456,129771,artifacts\benchmark_runs\language\longseq_anchor16_40m_600m_20260602\logs\continue_300m_view_cpu_stdout.log
42300,429768000,4.8654,129830,artifacts\benchmark_runs\language\longseq_anchor16_40m_600m_20260602\logs\continue_300m_view_cpu_stdout.log
42400,430784000,4.933,129889,artifacts\benchmark_runs\language\longseq_anchor16_40m_600m_20260602\logs\continue_300m_view_cpu_stdout.log
42500,431800000,5.4013,129945,artifacts\benchmark_runs\language\longseq_anchor16_40m_600m_20260602\logs\continue_300m_view_cpu_stdout.log
42600,432816000,4.7707,130004,artifacts\benchmark_runs\language\longseq_anchor16_40m_600m_20260602\logs\continue_300m_view_cpu_stdout.log
42700,433832000,4.883,130061,artifacts\benchmark_runs\language\longseq_anchor16_40m_600m_20260602\logs\continue_300m_view_cpu_stdout.log
42800,434848000,4.9415,130120,artifacts\benchmark_runs\language\longseq_anchor16_40m_600m_20260602\logs\continue_300m_view_cpu_stdout.log
42900,435864000,5.2921,130179,artifacts\benchmark_runs\language\longseq_anchor16_40m_600m_20260602\logs\continue_300m_view_cpu_stdout.log
43000,436880000,5.3331,130236,artifacts\benchmark_runs\language\longseq_anchor16_40m_600m_20260602\logs\continue_300m_view_cpu_stdout.log
43100,437896000,5.2396,130295,artifacts\benchmark_runs\language\longseq_anchor16_40m_600m_20260602\logs\continue_300m_view_cpu_stdout.log
43200,438912000,4.6761,130352,artifacts\benchmark_runs\language\longseq_anchor16_40m_600m_20260602\logs\continue_300m_view_cpu_stdout.log
43300,439928000,4.8242,130409,artifacts\benchmark_runs\language\longseq_anchor16_40m_600m_20260602\logs\continue_300m_view_cpu_stdout.log
43400,440944000,4.9772,130466,artifacts\benchmark_runs\language\longseq_anchor16_40m_600m_20260602\logs\continue_300m_view_cpu_stdout.log
43500,441960000,4.8183,130521,artifacts\benchmark_runs\language\longseq_anchor16_40m_600m_20260602\logs\continue_300m_view_cpu_stdout.log
43600,442976000,4.5821,130577,artifacts\benchmark_runs\language\longseq_anchor16_40m_600m_20260602\logs\continue_300m_view_cpu_stdout.log
43700,443992000,6.0807,130633,artifacts\benchmark_runs\language\longseq_anchor16_40m_600m_20260602\logs\continue_300m_view_cpu_stdout.log
43800,445008000,5.0331,130689,artifacts\benchmark_runs\language\longseq_anchor16_40m_600m_20260602\logs\continue_300m_view_cpu_stdout.log
43900,446024000,5.2457,130744,artifacts\benchmark_runs\language\longseq_anchor16_40m_600m_20260602\logs\continue_300m_view_cpu_stdout.log
44000,447040000,4.9747,130800,artifacts\benchmark_runs\language\longseq_anchor16_40m_600m_20260602\logs\continue_300m_view_cpu_stdout.log
44100,448056000,5.1204,130855,artifacts\benchmark_runs\language\longseq_anchor16_40m_600m_20260602\logs\continue_300m_view_cpu_stdout.log
44200,449072000,6.9171,130910,artifacts\benchmark_runs\language\longseq_anchor16_40m_600m_20260602\logs\continue_300m_view_cpu_stdout.log
44300,450088000,5.069,130965,artifacts\benchmark_runs\language\longseq_anchor16_40m_600m_20260602\logs\continue_300m_view_cpu_stdout.log
44400,451104000,4.8436,131020,artifacts\benchmark_runs\language\longseq_anchor16_40m_600m_20260602\logs\continue_300m_view_cpu_stdout.log
44500,452120000,5.2061,131075,artifacts\benchmark_runs\language\longseq_anchor16_40m_600m_20260602\logs\continue_300m_view_cpu_stdout.log
44600,453136000,4.8014,131128,artifacts\benchmark_runs\language\longseq_anchor16_40m_600m_20260602\logs\continue_300m_view_cpu_stdout.log
44700,454152000,5.2241,131183,artifacts\benchmark_runs\language\longseq_anchor16_40m_600m_20260602\logs\continue_300m_view_cpu_stdout.log
44800,455168000,5.1559,131236,artifacts\benchmark_runs\language\longseq_anchor16_40m_600m_20260602\logs\continue_300m_view_cpu_stdout.log
44900,456184000,5.1202,131290,artifacts\benchmark_runs\language\longseq_anchor16_40m_600m_20260602\logs\continue_300m_view_cpu_stdout.log
45000,457200000,5.1134,131342,artifacts\benchmark_runs\language\longseq_anchor16_40m_600m_20260602\logs\continue_300m_view_cpu_stdout.log
45100,458216000,5.1013,131395,artifacts\benchmark_runs\language\longseq_anchor16_40m_600m_20260602\logs\continue_300m_view_cpu_stdout.log
45200,459232000,4.9773,131449,artifacts\benchmark_runs\language\longseq_anchor16_40m_600m_20260602\logs\continue_300m_view_cpu_stdout.log
45300,460248000,5.0699,131501,artifacts\benchmark_runs\language\longseq_anchor16_40m_600m_20260602\logs\continue_300m_view_cpu_stdout.log
45400,461264000,4.9739,131555,artifacts\benchmark_runs\language\longseq_anchor16_40m_600m_20260602\logs\continue_300m_view_cpu_stdout.log
45500,462280000,5.0236,131607,artifacts\benchmark_runs\language\longseq_anchor16_40m_600m_20260602\logs\continue_300m_view_cpu_stdout.log
45600,463296000,4.9841,131657,artifacts\benchmark_runs\language\longseq_anchor16_40m_600m_20260602\logs\continue_300m_view_cpu_stdout.log
45700,464312000,4.9774,131709,artifacts\benchmark_runs\language\longseq_anchor16_40m_600m_20260602\logs\continue_300m_view_cpu_stdout.log
45800,465328000,4.943,131761,artifacts\benchmark_runs\language\longseq_anchor16_40m_600m_20260602\logs\continue_300m_view_cpu_stdout.log
45900,466344000,5.1001,131813,artifacts\benchmark_runs\language\longseq_anchor16_40m_600m_20260602\logs\continue_300m_view_cpu_stdout.log
46000,467360000,5.0565,131864,artifacts\benchmark_runs\language\longseq_anchor16_40m_600m_20260602\logs\continue_300m_view_cpu_stdout.log
46100,468376000,5.3807,131916,artifacts\benchmark_runs\language\longseq_anchor16_40m_600m_20260602\logs\continue_300m_view_cpu_stdout.log
46200,469392000,6.1548,131967,artifacts\benchmark_runs\language\longseq_anchor16_40m_600m_20260602\logs\continue_300m_view_cpu_stdout.log
46300,470408000,5.2344,132019,artifacts\benchmark_runs\language\longseq_anchor16_40m_600m_20260602\logs\continue_300m_view_cpu_stdout.log
46400,471424000,4.8766,132069,artifacts\benchmark_runs\language\longseq_anchor16_40m_600m_20260602\logs\continue_300m_view_cpu_stdout.log
46500,472440000,4.6408,132119,artifacts\benchmark_runs\language\longseq_anchor16_40m_600m_20260602\logs\continue_300m_view_cpu_stdout.log
46600,473456000,4.9117,132169,artifacts\benchmark_runs\language\longseq_anchor16_40m_600m_20260602\logs\continue_300m_view_cpu_stdout.log
46700,474472000,5.6472,132219,artifacts\benchmark_runs\language\longseq_anchor16_40m_600m_20260602\logs\continue_300m_view_cpu_stdout.log
46800,475488000,5.1637,132269,artifacts\benchmark_runs\language\longseq_anchor16_40m_600m_20260602\logs\continue_300m_view_cpu_stdout.log
46900,476504000,5.2512,132321,artifacts\benchmark_runs\language\longseq_anchor16_40m_600m_20260602\logs\continue_300m_view_cpu_stdout.log
47000,477520000,5.2991,132371,artifacts\benchmark_runs\language\longseq_anchor16_40m_600m_20260602\logs\continue_300m_view_cpu_stdout.log
47100,478536000,5.0147,132421,artifacts\benchmark_runs\language\longseq_anchor16_40m_600m_20260602\logs\continue_300m_view_cpu_stdout.log
47200,479552000,4.9137,132470,artifacts\benchmark_runs\language\longseq_anchor16_40m_600m_20260602\logs\continue_300m_view_cpu_stdout.log
47300,480568000,5.0398,132519,artifacts\benchmark_runs\language\longseq_anchor16_40m_600m_20260602\logs\continue_300m_view_cpu_stdout.log
47400,481584000,5.3536,132569,artifacts\benchmark_runs\language\longseq_anchor16_40m_600m_20260602\logs\continue_300m_view_cpu_stdout.log
47500,482600000,4.993,132618,artifacts\benchmark_runs\language\longseq_anchor16_40m_600m_20260602\logs\continue_300m_view_cpu_stdout.log
47600,483616000,4.9785,132668,artifacts\benchmark_runs\language\longseq_anchor16_40m_600m_20260602\logs\continue_300m_view_cpu_stdout.log
47700,484632000,5.319,132716,artifacts\benchmark_runs\language\longseq_anchor16_40m_600m_20260602\logs\continue_300m_view_cpu_stdout.log
47800,485648000,5.3499,132764,artifacts\benchmark_runs\language\longseq_anchor16_40m_600m_20260602\logs\continue_300m_view_cpu_stdout.log
47900,486664000,4.9012,132812,artifacts\benchmark_runs\language\longseq_anchor16_40m_600m_20260602\logs\continue_300m_view_cpu_stdout.log
48000,487680000,4.678,132860,artifacts\benchmark_runs\language\longseq_anchor16_40m_600m_20260602\logs\continue_300m_view_cpu_stdout.log
48100,488696000,5.244,132908,artifacts\benchmark_runs\language\longseq_anchor16_40m_600m_20260602\logs\continue_300m_view_cpu_stdout.log
48200,489712000,5.0644,132956,artifacts\benchmark_runs\language\longseq_anchor16_40m_600m_20260602\logs\continue_300m_view_cpu_stdout.log
48300,490728000,4.9804,133004,artifacts\benchmark_runs\language\longseq_anchor16_40m_600m_20260602\logs\continue_300m_view_cpu_stdout.log
48400,491744000,5.0716,133051,artifacts\benchmark_runs\language\longseq_anchor16_40m_600m_20260602\logs\continue_300m_view_cpu_stdout.log
48500,492760000,5.1876,133099,artifacts\benchmark_runs\language\longseq_anchor16_40m_600m_20260602\logs\continue_300m_view_cpu_stdout.log
48600,493776000,5.5458,133147,artifacts\benchmark_runs\language\longseq_anchor16_40m_600m_20260602\logs\continue_300m_view_cpu_stdout.log
48700,494792000,5.0454,133194,artifacts\benchmark_runs\language\longseq_anchor16_40m_600m_20260602\logs\continue_300m_view_cpu_stdout.log
48800,495808000,5.1871,133239,artifacts\benchmark_runs\language\longseq_anchor16_40m_600m_20260602\logs\continue_300m_view_cpu_stdout.log
48900,496824000,5.067,133284,artifacts\benchmark_runs\language\longseq_anchor16_40m_600m_20260602\logs\continue_300m_view_cpu_stdout.log
49000,497840000,5.0449,133331,artifacts\benchmark_runs\language\longseq_anchor16_40m_600m_20260602\logs\continue_300m_view_cpu_stdout.log
49100,498856000,4.8908,133378,artifacts\benchmark_runs\language\longseq_anchor16_40m_600m_20260602\logs\continue_300m_view_cpu_stdout.log
49200,499872000,5.1129,133425,artifacts\benchmark_runs\language\longseq_anchor16_40m_600m_20260602\logs\continue_300m_view_cpu_stdout.log
49300,500888000,5.4081,133471,artifacts\benchmark_runs\language\longseq_anchor16_40m_600m_20260602\logs\continue_300m_view_cpu_stdout.log
49400,501904000,5.5149,133517,artifacts\benchmark_runs\language\longseq_anchor16_40m_600m_20260602\logs\continue_300m_view_cpu_stdout.log
49500,502920000,5.1814,133563,artifacts\benchmark_runs\language\longseq_anchor16_40m_600m_20260602\logs\continue_300m_view_cpu_stdout.log
49600,503936000,4.9739,133608,artifacts\benchmark_runs\language\longseq_anchor16_40m_600m_20260602\logs\continue_300m_view_cpu_stdout.log
49700,504952000,5.028,133654,artifacts\benchmark_runs\language\longseq_anchor16_40m_600m_20260602\logs\continue_300m_view_cpu_stdout.log
49800,505968000,4.8267,133699,artifacts\benchmark_runs\language\longseq_anchor16_40m_600m_20260602\logs\continue_300m_view_cpu_stdout.log
49900,506984000,5.2051,133743,artifacts\benchmark_runs\language\longseq_anchor16_40m_600m_20260602\logs\continue_300m_view_cpu_stdout.log
50000,508000000,5.1734,133788,artifacts\benchmark_runs\language\longseq_anchor16_40m_600m_20260602\logs\continue_300m_view_cpu_stdout.log
50100,509016000,4.9472,133833,artifacts\benchmark_runs\language\longseq_anchor16_40m_600m_20260602\logs\continue_300m_view_cpu_stdout.log
50200,510032000,4.8082,133878,artifacts\benchmark_runs\language\longseq_anchor16_40m_600m_20260602\logs\continue_300m_view_cpu_stdout.log
50300,511048000,4.9576,133923,artifacts\benchmark_runs\language\longseq_anchor16_40m_600m_20260602\logs\continue_300m_view_cpu_stdout.log
50400,512064000,5.1696,133968,artifacts\benchmark_runs\language\longseq_anchor16_40m_600m_20260602\logs\continue_300m_view_cpu_stdout.log
50500,513080000,4.7828,134013,artifacts\benchmark_runs\language\longseq_anchor16_40m_600m_20260602\logs\continue_300m_view_cpu_stdout.log
50600,514096000,5.0095,134058,artifacts\benchmark_runs\language\longseq_anchor16_40m_600m_20260602\logs\continue_300m_view_cpu_stdout.log
50700,515112000,5.0179,134102,artifacts\benchmark_runs\language\longseq_anchor16_40m_600m_20260602\logs\continue_300m_view_cpu_stdout.log
50800,516128000,4.9407,134146,artifacts\benchmark_runs\language\longseq_anchor16_40m_600m_20260602\logs\continue_300m_view_cpu_stdout.log
50900,517144000,4.9567,134189,artifacts\benchmark_runs\language\longseq_anchor16_40m_600m_20260602\logs\continue_300m_view_cpu_stdout.log
51000,518160000,5.1046,134232,artifacts\benchmark_runs\language\longseq_anchor16_40m_600m_20260602\logs\continue_300m_view_cpu_stdout.log
51100,519176000,5.2738,134274,artifacts\benchmark_runs\language\longseq_anchor16_40m_600m_20260602\logs\continue_300m_view_cpu_stdout.log
51200,520192000,4.9668,134318,artifacts\benchmark_runs\language\longseq_anchor16_40m_600m_20260602\logs\continue_300m_view_cpu_stdout.log
51300,521208000,5.06,134362,artifacts\benchmark_runs\language\longseq_anchor16_40m_600m_20260602\logs\continue_300m_view_cpu_stdout.log
51400,522224000,5.1646,134405,artifacts\benchmark_runs\language\longseq_anchor16_40m_600m_20260602\logs\continue_300m_view_cpu_stdout.log
51500,523240000,5.0019,134447,artifacts\benchmark_runs\language\longseq_anchor16_40m_600m_20260602\logs\continue_300m_view_cpu_stdout.log
51600,524256000,4.8938,134490,artifacts\benchmark_runs\language\longseq_anchor16_40m_600m_20260602\logs\continue_300m_view_cpu_stdout.log
51700,525272000,5.1527,134532,artifacts\benchmark_runs\language\longseq_anchor16_40m_600m_20260602\logs\continue_300m_view_cpu_stdout.log
51800,526288000,5.1841,134576,artifacts\benchmark_runs\language\longseq_anchor16_40m_600m_20260602\logs\continue_300m_view_cpu_stdout.log
51900,527304000,4.9077,134617,artifacts\benchmark_runs\language\longseq_anchor16_40m_600m_20260602\logs\continue_300m_view_cpu_stdout.log
52000,528320000,5.0315,134651,artifacts\benchmark_runs\language\longseq_anchor16_40m_600m_20260602\logs\continue_300m_view_cpu_stdout.log
52100,529336000,5.1331,134694,artifacts\benchmark_runs\language\longseq_anchor16_40m_600m_20260602\logs\continue_300m_view_cpu_stdout.log
52200,530352000,5.1293,134737,artifacts\benchmark_runs\language\longseq_anchor16_40m_600m_20260602\logs\continue_300m_view_cpu_stdout.log
52300,531368000,5.3065,134780,artifacts\benchmark_runs\language\longseq_anchor16_40m_600m_20260602\logs\continue_300m_view_cpu_stdout.log
52400,532384000,5.1657,134822,artifacts\benchmark_runs\language\longseq_anchor16_40m_600m_20260602\logs\continue_300m_view_cpu_stdout.log
52500,533400000,5.1997,134864,artifacts\benchmark_runs\language\longseq_anchor16_40m_600m_20260602\logs\continue_300m_view_cpu_stdout.log
52600,534416000,4.8103,134908,artifacts\benchmark_runs\language\longseq_anchor16_40m_600m_20260602\logs\continue_300m_view_cpu_stdout.log
52700,535432000,4.9603,134950,artifacts\benchmark_runs\language\longseq_anchor16_40m_600m_20260602\logs\continue_300m_view_cpu_stdout.log
52800,536448000,4.9848,134992,artifacts\benchmark_runs\language\longseq_anchor16_40m_600m_20260602\logs\continue_300m_view_cpu_stdout.log
52900,537464000,5.13,135031,artifacts\benchmark_runs\language\longseq_anchor16_40m_600m_20260602\logs\continue_300m_view_cpu_stdout.log
53000,538480000,4.7733,135071,artifacts\benchmark_runs\language\longseq_anchor16_40m_600m_20260602\logs\continue_300m_view_cpu_stdout.log
53100,539496000,5.0995,135112,artifacts\benchmark_runs\language\longseq_anchor16_40m_600m_20260602\logs\continue_300m_view_cpu_stdout.log
53200,540512000,5.0537,135152,artifacts\benchmark_runs\language\longseq_anchor16_40m_600m_20260602\logs\continue_300m_view_cpu_stdout.log
53300,541528000,4.8925,135193,artifacts\benchmark_runs\language\longseq_anchor16_40m_600m_20260602\logs\continue_300m_view_cpu_stdout.log
53400,542544000,5.0286,135233,artifacts\benchmark_runs\language\longseq_anchor16_40m_600m_20260602\logs\continue_300m_view_cpu_stdout.log
53500,543560000,5.0257,135273,artifacts\benchmark_runs\language\longseq_anchor16_40m_600m_20260602\logs\continue_300m_view_cpu_stdout.log
53600,544576000,4.9726,135315,artifacts\benchmark_runs\language\longseq_anchor16_40m_600m_20260602\logs\continue_300m_view_cpu_stdout.log
53700,545592000,5.0118,135356,artifacts\benchmark_runs\language\longseq_anchor16_40m_600m_20260602\logs\continue_300m_view_cpu_stdout.log
53800,546608000,5.239,135397,artifacts\benchmark_runs\language\longseq_anchor16_40m_600m_20260602\logs\continue_300m_view_cpu_stdout.log
53900,547624000,5.1056,135438,artifacts\benchmark_runs\language\longseq_anchor16_40m_600m_20260602\logs\continue_300m_view_cpu_stdout.log
54000,548640000,4.8953,135478,artifacts\benchmark_runs\language\longseq_anchor16_40m_600m_20260602\logs\continue_300m_view_cpu_stdout.log
54100,549656000,5.4517,135517,artifacts\benchmark_runs\language\longseq_anchor16_40m_600m_20260602\logs\continue_300m_view_cpu_stdout.log
54200,550672000,5.0539,135557,artifacts\benchmark_runs\language\longseq_anchor16_40m_600m_20260602\logs\continue_300m_view_cpu_stdout.log
54300,551688000,5.069,135597,artifacts\benchmark_runs\language\longseq_anchor16_40m_600m_20260602\logs\continue_300m_view_cpu_stdout.log
54400,552704000,5.0708,135637,artifacts\benchmark_runs\language\longseq_anchor16_40m_600m_20260602\logs\continue_300m_view_cpu_stdout.log
54500,553720000,4.8851,135677,artifacts\benchmark_runs\language\longseq_anchor16_40m_600m_20260602\logs\continue_300m_view_cpu_stdout.log
54600,554736000,4.9058,135717,artifacts\benchmark_runs\language\longseq_anchor16_40m_600m_20260602\logs\continue_300m_view_cpu_stdout.log
54700,555752000,5.0333,135756,artifacts\benchmark_runs\language\longseq_anchor16_40m_600m_20260602\logs\continue_300m_view_cpu_stdout.log
54800,556768000,5.2464,135796,artifacts\benchmark_runs\language\longseq_anchor16_40m_600m_20260602\logs\continue_300m_view_cpu_stdout.log
54900,557784000,4.794,135835,artifacts\benchmark_runs\language\longseq_anchor16_40m_600m_20260602\logs\continue_300m_view_cpu_stdout.log
55000,558800000,4.7195,135873,artifacts\benchmark_runs\language\longseq_anchor16_40m_600m_20260602\logs\continue_300m_view_cpu_stdout.log
55100,559816000,4.8082,135911,artifacts\benchmark_runs\language\longseq_anchor16_40m_600m_20260602\logs\continue_300m_view_cpu_stdout.log
55200,560832000,4.4967,135948,artifacts\benchmark_runs\language\longseq_anchor16_40m_600m_20260602\logs\continue_300m_view_cpu_stdout.log
55300,561848000,5.3132,135985,artifacts\benchmark_runs\language\longseq_anchor16_40m_600m_20260602\logs\continue_300m_view_cpu_stdout.log
55400,562864000,5.2553,136023,artifacts\benchmark_runs\language\longseq_anchor16_40m_600m_20260602\logs\continue_300m_view_cpu_stdout.log
55500,563880000,5.1666,136061,artifacts\benchmark_runs\language\longseq_anchor16_40m_600m_20260602\logs\continue_300m_view_cpu_stdout.log
55600,564896000,5.1029,136098,artifacts\benchmark_runs\language\longseq_anchor16_40m_600m_20260602\logs\continue_300m_view_cpu_stdout.log
55700,565912000,5.103,136137,artifacts\benchmark_runs\language\longseq_anchor16_40m_600m_20260602\logs\continue_300m_view_cpu_stdout.log
55800,566928000,4.9283,136174,artifacts\benchmark_runs\language\longseq_anchor16_40m_600m_20260602\logs\continue_300m_view_cpu_stdout.log
55900,567944000,4.9084,136211,artifacts\benchmark_runs\language\longseq_anchor16_40m_600m_20260602\logs\continue_300m_view_cpu_stdout.log
56000,568960000,5.1623,136249,artifacts\benchmark_runs\language\longseq_anchor16_40m_600m_20260602\logs\continue_300m_view_cpu_stdout.log
56100,569976000,5.0583,136286,artifacts\benchmark_runs\language\longseq_anchor16_40m_600m_20260602\logs\continue_300m_view_cpu_stdout.log
56200,570992000,4.895,136323,artifacts\benchmark_runs\language\longseq_anchor16_40m_600m_20260602\logs\continue_300m_view_cpu_stdout.log
56300,572008000,5.4309,136360,artifacts\benchmark_runs\language\longseq_anchor16_40m_600m_20260602\logs\continue_300m_view_cpu_stdout.log
56400,573024000,4.7482,136396,artifacts\benchmark_runs\language\longseq_anchor16_40m_600m_20260602\logs\continue_300m_view_cpu_stdout.log
56500,574040000,5.0365,136432,artifacts\benchmark_runs\language\longseq_anchor16_40m_600m_20260602\logs\continue_300m_view_cpu_stdout.log
56600,575056000,4.9746,136469,artifacts\benchmark_runs\language\longseq_anchor16_40m_600m_20260602\logs\continue_300m_view_cpu_stdout.log
56700,576072000,5.0363,136506,artifacts\benchmark_runs\language\longseq_anchor16_40m_600m_20260602\logs\continue_300m_view_cpu_stdout.log
56800,577088000,5.5857,136543,artifacts\benchmark_runs\language\longseq_anchor16_40m_600m_20260602\logs\continue_300m_view_cpu_stdout.log
56900,578104000,5.0001,136580,artifacts\benchmark_runs\language\longseq_anchor16_40m_600m_20260602\logs\continue_300m_view_cpu_stdout.log
57000,579120000,5.3939,136616,artifacts\benchmark_runs\language\longseq_anchor16_40m_600m_20260602\logs\continue_300m_view_cpu_stdout.log
57100,580136000,5.3495,136652,artifacts\benchmark_runs\language\longseq_anchor16_40m_600m_20260602\logs\continue_300m_view_cpu_stdout.log
57200,581152000,4.8721,136688,artifacts\benchmark_runs\language\longseq_anchor16_40m_600m_20260602\logs\continue_300m_view_cpu_stdout.log
57300,582168000,5.0209,136724,artifacts\benchmark_runs\language\longseq_anchor16_40m_600m_20260602\logs\continue_300m_view_cpu_stdout.log
57400,583184000,5.1563,136759,artifacts\benchmark_runs\language\longseq_anchor16_40m_600m_20260602\logs\continue_300m_view_cpu_stdout.log
57500,584200000,4.7672,136795,artifacts\benchmark_runs\language\longseq_anchor16_40m_600m_20260602\logs\continue_300m_view_cpu_stdout.log
57600,585216000,4.9989,136831,artifacts\benchmark_runs\language\longseq_anchor16_40m_600m_20260602\logs\continue_300m_view_cpu_stdout.log
57700,586232000,5.1479,136867,artifacts\benchmark_runs\language\longseq_anchor16_40m_600m_20260602\logs\continue_300m_view_cpu_stdout.log
57800,587248000,4.9583,136901,artifacts\benchmark_runs\language\longseq_anchor16_40m_600m_20260602\logs\continue_300m_view_cpu_stdout.log
57900,588264000,4.8312,136936,artifacts\benchmark_runs\language\longseq_anchor16_40m_600m_20260602\logs\continue_300m_view_cpu_stdout.log
58000,589280000,5.1478,136971,artifacts\benchmark_runs\language\longseq_anchor16_40m_600m_20260602\logs\continue_300m_view_cpu_stdout.log
58100,590296000,4.8948,137007,artifacts\benchmark_runs\language\longseq_anchor16_40m_600m_20260602\logs\continue_300m_view_cpu_stdout.log
58200,591312000,5.1159,137042,artifacts\benchmark_runs\language\longseq_anchor16_40m_600m_20260602\logs\continue_300m_view_cpu_stdout.log
58300,592328000,5.0869,137076,artifacts\benchmark_runs\language\longseq_anchor16_40m_600m_20260602\logs\continue_300m_view_cpu_stdout.log
58400,593344000,5.164,137111,artifacts\benchmark_runs\language\longseq_anchor16_40m_600m_20260602\logs\continue_300m_view_cpu_stdout.log
58500,594360000,5.1111,137145,artifacts\benchmark_runs\language\longseq_anchor16_40m_600m_20260602\logs\continue_300m_view_cpu_stdout.log
58600,595376000,4.6433,137180,artifacts\benchmark_runs\language\longseq_anchor16_40m_600m_20260602\logs\continue_300m_view_cpu_stdout.log
58700,596392000,5.1686,137214,artifacts\benchmark_runs\language\longseq_anchor16_40m_600m_20260602\logs\continue_300m_view_cpu_stdout.log
58800,597408000,5.0928,137248,artifacts\benchmark_runs\language\longseq_anchor16_40m_600m_20260602\logs\continue_300m_view_cpu_stdout.log
58900,598424000,5.0266,137283,artifacts\benchmark_runs\language\longseq_anchor16_40m_600m_20260602\logs\continue_300m_view_cpu_stdout.log
59000,599440000,5.1342,137316,artifacts\benchmark_runs\language\longseq_anchor16_40m_600m_20260602\logs\continue_300m_view_cpu_stdout.log
59058,600029280,4.9847,137336,artifacts\benchmark_runs\language\longseq_anchor16_40m_600m_20260602\logs\continue_300m_view_cpu_stdout.log
