"name","orders","slots","tables","final_train_loss","final_val_loss","delta_val_vs_matched_baseline","parameter_count","peak_vram_mb","pure_train_tok_per_sec","train_tokens_seen"
"scratch_baseline","","0","0","12.92724609375","13.1169869069978","0","76218513","8068.5263671875","28860.6406396675","81280"
"scratch_lz_o0","0","2048","2","12.7754421234131","12.9772823183555","-0.139704588642267","76218835","9188.79833984375","6514.12746177436","81280"
"scratch_lz_o0_1","0,1","2048","2","12.7097597122192","12.9083349032665","-0.208652003731315","76219157","10225.4384765625","1219.54953753087","81280"
"scratch_lz_o0_1_2_4","0,1,2,4","2048","2","12.7045812606812","12.9034377811462","-0.213549125851609","76219801","12298.7265625","484.377379594459","81280"
"scratch_lz_o0_1_2_4_8","0,1,2,4,8","2048","2","12.7043571472168","12.90264987495","-0.214337032047782","76220123","13338.6420898438","345.433966641797","81280"
"scratch_lz_4096","0,1,2,4","4096","2","12.6676902770996","12.867786533626","-0.249200373371757","76219801","12932.375","431.327991591828","81280"
"scratch_lz_3hash","0,1,2,4","2048","3","12.6992425918579","12.8992757241557","-0.217711182842104","76219801","12624.86328125","307.386100355114","81280"
"warm_baseline","","0","0","4.0269603729248","4.42840443276984","0","76218513","8062.33642578125","31080.5373671221","40640"
"warm_lz_o0_1_2_4","0,1,2,4","2048","2","4.02077913284302","4.41934500810668","-0.00905942466315324","76219801","12294.8510742188","463.220308106026","40640"
